session_id,training_day,date,body_weight,mood,dchest,arms,waist,legs,shoulders,training_duration_minutes,sleep_hours,stress_level,program_phase,exercise,muscle_group,weight,reps,volume
1,FULLBODY1,2012-01-02,70.1,tired,82.8,25.2,60.4,45.7,98.6,71.5,6.4,3,deload,Barbell Bench Press,chest,39.9,8,319.2
4,FULLBODY1,2012-01-09,70.3,okay,85.4,24.0,60.9,45.6,98.4,55.1,7.8,1,hypertrophy,Barbell Bench Press,chest,47.5,7,332.5
7,FULLBODY1,2012-01-15,70.2,okay,85.3,24.5,59.2,47.3,97.5,58.0,7.6,2,hypertrophy,Barbell Bench Press,chest,42.5,8,340.0
10,FULLBODY1,2012-01-23,70.6,tired,84.5,24.5,61.2,46.1,100.1,59.9,6.5,2,hypertrophy,Barbell Bench Press,chest,40.9,10,409.0
13,FULLBODY1,2012-01-30,70.5,good,83.9,24.4,60.7,45.6,99.8,61.2,8.8,1,hypertrophy,Barbell Bench Press,chest,47.5,9,427.5
16,FULLBODY1,2012-02-06,70.6,okay,83.4,24.7,60.0,45.0,98.5,76.8,7.6,3,hypertrophy,Barbell Bench Press,chest,55.0,8,440.0
19,FULLBODY1,2012-02-11,70.8,good,83.9,25.7,60.9,45.9,98.4,56.3,8.6,1,hypertrophy,Barbell Bench Press,chest,65.0,7,455.0
22,FULLBODY1,2012-02-19,70.8,okay,85.5,24.5,59.8,46.4,100.4,62.7,8.0,1,hypertrophy,Barbell Bench Press,chest,47.5,10,475.0
25,FULLBODY1,2012-02-27,70.9,good,83.7,24.9,60.1,45.1,99.6,69.6,8.3,1,deload,Barbell Bench Press,chest,55.0,9,495.0
28,FULLBODY1,2012-03-05,70.8,good,85.3,24.9,61.1,46.9,100.0,67.0,8.9,1,hypertrophy,Barbell Bench Press,chest,50.0,10,500.0
31,FULLBODY1,2012-03-11,70.6,tired,84.1,24.9,59.9,45.2,98.6,60.6,5.8,3,hypertrophy,Barbell Bench Press,chest,65.0,8,520.0
34,FULLBODY1,2012-03-19,70.8,okay,85.1,24.0,60.8,46.1,97.6,69.6,7.6,3,hypertrophy,Barbell Bench Press,chest,67.5,8,540.0
37,FULLBODY1,2012-03-25,70.7,tired,85.7,25.1,59.6,46.3,98.2,58.8,5.5,3,hypertrophy,Barbell Bench Press,chest,70.0,8,560.0
40,FULLBODY1,2012-04-01,70.5,good,86.2,25.1,59.4,45.5,97.6,62.9,8.4,2,hypertrophy,Barbell Bench Press,chest,72.5,8,580.0
43,FULLBODY1,2012-04-09,70.6,good,86.2,25.1,58.8,46.4,97.5,54.9,8.1,2,hypertrophy,Barbell Bench Press,chest,65.0,9,585.0
46,FULLBODY1,2012-04-15,70.6,okay,86.1,24.6,60.1,45.2,100.1,61.2,7.6,3,hypertrophy,Barbell Bench Press,chest,67.5,9,607.5
49,FULLBODY1,2012-04-21,70.8,good,84.4,24.8,58.8,45.6,99.9,69.6,8.6,1,deload,Barbell Bench Press,chest,62.5,10,625.0
52,FULLBODY1,2012-04-28,70.9,okay,87.1,24.6,59.5,46.7,100.5,62.6,7.3,3,hypertrophy,Barbell Bench Press,chest,65.0,10,650.0
55,FULLBODY1,2012-05-05,70.7,okay,84.7,25.2,58.2,46.9,100.0,62.3,7.2,4,hypertrophy,Barbell Bench Press,chest,72.5,9,652.5
58,FULLBODY1,2012-05-13,70.8,okay,85.8,25.3,59.5,44.8,98.2,59.8,7.7,3,hypertrophy,Barbell Bench Press,chest,110.0,6,660.0
61,FULLBODY1,2012-05-20,70.9,okay,83.8,24.7,60.5,46.0,97.3,59.7,7.3,2,hypertrophy,Barbell Bench Press,chest,67.5,10,675.0
64,FULLBODY1,2012-05-28,70.9,okay,83.7,25.0,58.7,46.1,98.3,58.1,7.8,2,hypertrophy,Barbell Bench Press,chest,115.0,6,690.0
67,FULLBODY1,2012-06-04,70.8,good,84.0,24.2,60.9,46.2,99.2,67.9,8.8,2,hypertrophy,Barbell Bench Press,chest,77.5,9,697.5
70,FULLBODY1,2012-06-10,71.0,good,85.5,24.8,59.6,46.5,97.9,65.4,8.2,1,hypertrophy,Barbell Bench Press,chest,100.0,7,700.0
73,FULLBODY1,2012-06-17,71.1,okay,83.7,24.9,61.4,46.5,98.7,65.0,7.9,3,deload,Barbell Bench Press,chest,90.0,8,720.0
76,FULLBODY1,2012-06-23,71.3,good,87.2,24.5,60.4,47.2,100.5,56.4,8.6,1,hypertrophy,Barbell Bench Press,chest,92.5,8,740.0
79,FULLBODY1,2012-07-02,71.6,tired,85.6,26.2,60.6,46.1,99.7,70.0,5.6,6,hypertrophy,Barbell Bench Press,chest,107.5,7,752.5
82,FULLBODY1,2012-07-08,71.6,okay,86.8,25.4,59.6,46.9,99.8,65.3,7.6,3,hypertrophy,Barbell Bench Press,chest,127.5,6,765.0
85,FULLBODY1,2012-07-15,71.6,good,86.0,25.3,60.4,46.5,99.8,62.2,8.5,2,hypertrophy,Barbell Bench Press,chest,87.5,9,787.5
88,FULLBODY1,2012-07-22,71.8,okay,85.2,25.3,60.4,46.2,98.3,54.0,7.0,3,hypertrophy,Barbell Bench Press,chest,100.0,8,800.0
91,FULLBODY1,2012-07-30,71.4,tired,85.2,25.0,61.3,46.4,99.3,64.2,6.4,3,hypertrophy,Barbell Bench Press,chest,135.0,6,810.0
94,FULLBODY1,2012-08-04,71.8,okay,86.3,24.0,61.6,47.0,99.3,61.2,7.2,3,hypertrophy,Barbell Bench Press,chest,102.5,8,820.0
97,FULLBODY1,2012-08-11,71.9,tired,87.6,25.6,62.5,45.6,100.0,57.0,6.9,3,deload,Barbell Bench Press,chest,137.5,6,825.0
100,FULLBODY1,2012-08-18,71.8,tired,85.4,25.1,61.1,46.0,100.3,59.8,6.8,5,hypertrophy,Barbell Bench Press,chest,92.5,9,832.5
103,FULLBODY1,2012-08-25,71.4,okay,85.0,25.2,60.2,46.3,101.9,63.7,7.3,2,hypertrophy,Barbell Bench Press,chest,95.0,9,855.0
106,FULLBODY1,2012-09-02,71.3,tired,85.2,24.7,61.1,45.7,98.5,58.0,6.9,2,hypertrophy,Barbell Bench Press,chest,145.0,6,870.0
109,FULLBODY1,2012-09-08,71.6,good,86.2,24.2,62.2,47.5,100.5,60.3,8.8,1,hypertrophy,Barbell Bench Press,chest,147.5,6,885.0
112,FULLBODY1,2012-09-17,72.0,okay,87.9,25.3,62.3,46.4,100.4,62.3,7.3,4,hypertrophy,Barbell Bench Press,chest,90.0,10,900.0
115,FULLBODY1,2012-09-23,71.8,good,86.8,25.6,62.7,49.9,102.0,64.9,10.0,1,hypertrophy,Barbell Bench Press,chest,92.5,10,925.0
118,FULLBODY1,2012-10-01,71.9,good,86.4,25.9,61.9,47.0,99.4,65.0,8.2,3,hypertrophy,Barbell Bench Press,chest,77.5,12,930.0
121,FULLBODY1,2012-10-06,71.9,good,87.4,25.6,59.9,46.4,99.6,62.2,9.5,1,deload,Barbell Bench Press,chest,95.0,10,950.0
124,FULLBODY1,2012-10-15,71.9,tired,85.3,25.1,60.8,46.3,100.1,53.2,5.9,4,hypertrophy,Barbell Bench Press,chest,87.5,11,962.5
127,FULLBODY1,2012-10-21,72.2,good,86.3,24.2,60.0,46.4,101.6,58.2,8.2,2,hypertrophy,Barbell Bench Press,chest,107.5,9,967.5
130,FULLBODY1,2012-10-27,72.6,okay,86.3,25.7,61.9,48.9,102.5,58.7,7.5,3,hypertrophy,Barbell Bench Press,chest,110.0,9,990.0
133,FULLBODY1,2012-11-03,72.6,tired,86.8,25.6,61.3,46.4,101.6,68.3,6.9,4,hypertrophy,Barbell Bench Press,chest,125.0,8,1000.0
136,FULLBODY1,2012-11-12,72.8,good,87.7,25.0,62.4,47.5,101.9,62.0,9.2,1,hypertrophy,Barbell Bench Press,chest,102.5,10,1025.0
139,FULLBODY1,2012-11-18,72.7,good,87.7,25.3,61.3,48.1,101.4,65.2,9.2,1,hypertrophy,Barbell Bench Press,chest,115.0,9,1035.0
142,FULLBODY1,2012-11-24,72.8,okay,88.8,24.8,61.4,47.8,102.2,60.4,7.0,1,hypertrophy,Barbell Bench Press,chest,150.0,7,1050.0
145,FULLBODY1,2012-12-02,72.6,tired,87.5,24.7,62.1,47.9,102.3,66.4,6.7,4,deload,Barbell Bench Press,chest,117.5,9,1057.5
148,FULLBODY1,2012-12-10,72.3,okay,86.9,25.0,61.2,47.5,102.1,65.9,7.8,2,hypertrophy,Barbell Bench Press,chest,120.0,9,1080.0
151,FULLBODY1,2012-12-16,72.5,tired,87.1,24.3,62.3,48.1,100.4,59.1,5.4,4,hypertrophy,Barbell Bench Press,chest,122.5,9,1102.5
154,FULLBODY1,2012-12-24,72.5,good,87.1,25.2,62.0,46.8,103.2,67.3,10.0,1,hypertrophy,Barbell Bench Press,chest,160.0,7,1120.0
157,FULLBODY1,2012-12-29,72.4,tired,88.6,25.9,62.7,46.3,101.3,64.2,6.6,3,hypertrophy,Barbell Bench Press,chest,187.5,6,1125.0
160,FULLBODY1,2013-01-07,72.2,okay,88.1,25.2,61.7,46.2,103.0,63.8,7.4,3,hypertrophy,Barbell Bench Press,chest,142.5,8,1140.0
163,FULLBODY1,2013-01-13,72.3,okay,86.6,26.0,61.6,46.9,102.0,66.2,7.8,1,hypertrophy,Barbell Bench Press,chest,165.0,7,1155.0
166,FULLBODY1,2013-01-20,72.3,tired,86.4,24.6,60.6,45.8,99.7,68.0,6.4,3,hypertrophy,Barbell Bench Press,chest,130.0,9,1170.0
169,FULLBODY1,2013-01-26,72.1,tired,86.9,24.8,61.2,47.5,100.6,62.2,6.8,4,deload,Barbell Bench Press,chest,197.5,6,1185.0
172,FULLBODY1,2013-02-02,71.6,good,85.5,24.6,62.0,46.3,98.0,63.0,8.3,2,hypertrophy,Barbell Bench Press,chest,200.0,6,1200.0
175,FULLBODY1,2013-02-09,71.4,tired,85.7,24.2,61.2,47.3,100.6,59.3,6.4,4,hypertrophy,Barbell Bench Press,chest,172.5,7,1207.5
178,FULLBODY1,2013-02-16,71.4,good,86.2,24.9,60.6,47.6,99.8,65.1,8.3,2,hypertrophy,Barbell Bench Press,chest,122.5,10,1225.0
181,FULLBODY1,2013-02-25,71.5,tired,85.1,24.3,59.5,46.0,100.2,67.8,5.5,5,hypertrophy,Barbell Bench Press,chest,125.0,10,1250.0
184,FULLBODY1,2013-03-03,71.5,okay,85.7,25.7,61.4,47.1,100.5,60.9,7.7,3,hypertrophy,Barbell Bench Press,chest,140.0,9,1260.0
187,FULLBODY1,2013-03-11,71.3,okay,85.6,24.9,59.6,46.8,99.2,61.5,7.4,1,hypertrophy,Barbell Bench Press,chest,160.0,8,1280.0
190,FULLBODY1,2013-03-18,71.4,tired,87.2,24.4,60.9,47.2,99.3,79.4,6.8,3,hypertrophy,Barbell Bench Press,chest,117.5,11,1292.5
193,FULLBODY1,2013-03-23,71.2,tired,87.4,25.5,62.1,46.6,100.6,66.1,6.0,3,deload,Barbell Bench Press,chest,185.0,7,1295.0
196,FULLBODY1,2013-03-30,71.4,tired,83.8,24.8,61.5,45.4,100.7,60.4,6.3,3,hypertrophy,Barbell Bench Press,chest,162.5,8,1300.0
199,FULLBODY1,2013-04-07,71.4,okay,86.9,25.5,60.1,46.2,102.9,71.2,7.6,3,hypertrophy,Barbell Bench Press,chest,132.5,10,1325.0
202,FULLBODY1,2013-04-15,71.2,okay,87.2,24.6,60.7,46.5,99.0,71.0,7.5,3,hypertrophy,Barbell Bench Press,chest,167.5,8,1340.0
205,FULLBODY1,2013-04-20,71.4,good,85.4,25.5,61.4,47.1,100.2,64.4,8.6,2,hypertrophy,Barbell Bench Press,chest,225.0,6,1350.0
208,FULLBODY1,2013-04-27,71.3,okay,86.0,24.8,60.5,45.7,98.2,55.6,7.3,3,hypertrophy,Barbell Bench Press,chest,170.0,8,1360.0
211,FULLBODY1,2013-05-04,71.7,tired,85.8,25.2,59.4,46.3,100.7,56.6,6.9,4,hypertrophy,Barbell Bench Press,chest,152.5,9,1372.5
214,FULLBODY1,2013-05-13,71.6,good,88.5,24.8,59.1,44.8,100.0,68.9,8.1,1,hypertrophy,Barbell Bench Press,chest,230.0,6,1380.0
217,FULLBODY1,2013-05-18,72.0,okay,85.0,24.4,61.3,46.1,100.5,65.3,7.3,2,deload,Barbell Bench Press,chest,155.0,9,1395.0
220,FULLBODY1,2013-05-26,71.7,good,88.2,25.2,61.9,46.3,99.1,71.6,8.7,1,hypertrophy,Barbell Bench Press,chest,175.0,8,1400.0
223,FULLBODY1,2013-06-03,72.1,tired,86.6,26.0,60.8,47.2,98.1,53.8,5.8,3,hypertrophy,Barbell Bench Press,chest,235.0,6,1410.0
226,FULLBODY1,2013-06-10,72.0,good,87.4,25.0,61.9,47.2,99.5,69.8,8.7,3,hypertrophy,Barbell Bench Press,chest,237.5,6,1425.0
229,FULLBODY1,2013-06-15,71.9,okay,87.2,24.7,60.5,47.3,100.6,61.9,7.1,2,hypertrophy,Barbell Bench Press,chest,180.0,8,1440.0
232,FULLBODY1,2013-06-24,71.9,good,85.8,25.6,61.9,47.9,100.5,58.8,8.7,3,hypertrophy,Barbell Bench Press,chest,207.5,7,1452.5
235,FULLBODY1,2013-06-30,71.9,okay,84.6,24.9,62.4,45.6,99.2,63.3,7.8,3,hypertrophy,Barbell Bench Press,chest,210.0,7,1470.0
238,FULLBODY1,2013-07-07,72.2,okay,85.4,25.6,62.2,47.4,101.2,64.6,7.7,3,hypertrophy,Barbell Bench Press,chest,212.5,7,1487.5
241,FULLBODY1,2013-07-14,72.1,okay,86.4,25.9,62.3,47.7,101.8,67.6,7.8,2,deload,Barbell Bench Press,chest,250.0,6,1500.0
244,FULLBODY1,2013-07-20,72.0,okay,87.5,24.9,60.4,47.1,102.6,64.6,7.8,4,hypertrophy,Barbell Bench Press,chest,190.0,8,1520.0
247,FULLBODY1,2013-07-29,72.1,good,89.1,24.9,62.8,46.3,101.2,74.8,8.2,1,hypertrophy,Barbell Bench Press,chest,255.0,6,1530.0
250,FULLBODY1,2013-08-03,72.2,tired,86.7,25.2,61.5,48.0,101.4,65.4,6.4,4,hypertrophy,Barbell Bench Press,chest,140.0,11,1540.0
253,FULLBODY1,2013-08-11,72.2,okay,86.9,24.7,60.0,46.4,100.3,61.9,7.5,4,hypertrophy,Barbell Bench Press,chest,172.5,9,1552.5
256,FULLBODY1,2013-08-18,72.6,okay,89.1,25.4,62.6,48.7,101.2,61.4,7.7,3,hypertrophy,Barbell Bench Press,chest,157.5,10,1575.0
259,FULLBODY1,2013-08-26,72.7,good,85.3,26.0,62.1,46.9,103.0,65.1,8.1,2,hypertrophy,Barbell Bench Press,chest,265.0,6,1590.0
262,FULLBODY1,2013-09-02,72.8,tired,88.3,25.4,60.2,47.1,102.3,59.4,6.3,5,hypertrophy,Barbell Bench Press,chest,200.0,8,1600.0
265,FULLBODY1,2013-09-09,72.9,tired,87.3,25.5,61.3,48.9,103.8,63.2,6.6,4,deload,Barbell Bench Press,chest,180.0,9,1620.0
268,FULLBODY1,2013-09-15,73.1,okay,86.6,25.2,61.1,48.1,103.1,60.0,7.9,2,hypertrophy,Barbell Bench Press,chest,182.5,9,1642.5
271,FULLBODY1,2013-09-21,72.9,okay,86.8,25.9,62.1,46.5,103.3,63.7,7.8,3,hypertrophy,Barbell Bench Press,chest,235.0,7,1645.0
274,FULLBODY1,2013-09-28,72.8,okay,87.5,26.3,61.0,48.2,101.6,66.1,7.8,3,hypertrophy,Barbell Bench Press,chest,275.0,6,1650.0
277,FULLBODY1,2013-10-06,72.9,tired,88.6,25.5,61.9,48.0,102.7,66.4,6.0,4,hypertrophy,Barbell Bench Press,chest,207.5,8,1660.0
280,FULLBODY1,2013-10-13,72.9,tired,86.0,25.4,61.1,46.9,102.0,58.4,6.5,3,hypertrophy,Barbell Bench Press,chest,237.5,7,1662.5
283,FULLBODY1,2013-10-21,73.2,okay,87.9,25.5,62.0,47.1,102.3,67.0,8.0,1,hypertrophy,Barbell Bench Press,chest,210.0,8,1680.0
286,FULLBODY1,2013-10-27,73.2,good,86.7,25.3,63.2,48.0,103.7,68.2,9.0,1,hypertrophy,Barbell Bench Press,chest,155.0,11,1705.0
289,FULLBODY1,2013-11-02,72.9,okay,87.6,27.1,61.9,47.5,101.2,63.7,7.1,5,deload,Barbell Bench Press,chest,245.0,7,1715.0
292,FULLBODY1,2013-11-11,73.3,good,88.5,25.0,63.5,45.3,103.9,59.7,8.3,1,hypertrophy,Barbell Bench Press,chest,157.5,11,1732.5
295,FULLBODY1,2013-11-18,73.7,good,88.3,25.9,63.1,47.4,104.3,60.8,9.1,1,hypertrophy,Barbell Bench Press,chest,217.5,8,1740.0
298,FULLBODY1,2013-11-23,73.7,okay,86.9,25.4,62.6,48.4,104.3,58.0,7.8,5,hypertrophy,Barbell Bench Press,chest,220.0,8,1760.0
301,FULLBODY1,2013-12-01,73.8,tired,86.9,25.1,62.7,46.9,105.4,58.3,6.1,3,hypertrophy,Barbell Bench Press,chest,222.5,8,1780.0
304,FULLBODY1,2013-12-09,74.1,okay,88.7,26.1,61.3,47.8,104.3,63.7,7.6,3,hypertrophy,Barbell Bench Press,chest,200.0,9,1800.0
307,FULLBODY1,2013-12-16,74.2,tired,89.4,25.8,63.4,46.8,105.2,63.0,6.3,3,hypertrophy,Barbell Bench Press,chest,227.5,8,1820.0
310,FULLBODY1,2013-12-21,74.2,tired,88.4,25.4,63.2,48.0,106.2,59.3,6.7,5,hypertrophy,Barbell Bench Press,chest,182.5,10,1825.0
313,FULLBODY1,2013-12-30,74.2,good,88.1,26.1,63.9,47.6,101.7,66.3,9.7,1,deload,Barbell Bench Press,chest,262.5,7,1837.5
316,FULLBODY1,2014-01-06,74.0,good,89.2,25.6,62.8,47.3,104.0,52.4,8.9,3,hypertrophy,Barbell Bench Press,chest,265.0,7,1855.0
319,FULLBODY1,2014-01-11,73.6,okay,88.5,26.6,62.3,46.6,102.2,61.1,7.6,2,hypertrophy,Barbell Bench Press,chest,310.0,6,1860.0
322,FULLBODY1,2014-01-18,73.7,tired,88.8,26.0,64.0,48.0,102.5,58.5,6.4,5,hypertrophy,Barbell Bench Press,chest,312.5,6,1875.0
325,FULLBODY1,2014-01-27,73.6,tired,88.7,26.2,63.9,48.2,100.0,64.3,6.2,2,hypertrophy,Barbell Bench Press,chest,210.0,9,1890.0
328,FULLBODY1,2014-02-03,73.8,okay,87.9,25.4,63.3,47.5,102.9,51.1,8.0,3,hypertrophy,Barbell Bench Press,chest,190.0,10,1900.0
331,FULLBODY1,2014-02-09,73.9,okay,88.5,26.2,63.5,48.9,104.5,69.9,7.6,2,hypertrophy,Barbell Bench Press,chest,317.5,6,1905.0
334,FULLBODY1,2014-02-16,73.8,tired,90.0,25.8,65.5,47.3,103.2,64.3,6.6,2,hypertrophy,Barbell Bench Press,chest,192.5,10,1925.0
337,FULLBODY1,2014-02-23,74.1,tired,88.3,25.5,63.6,47.9,101.6,70.9,5.7,4,deload,Barbell Bench Press,chest,277.5,7,1942.5
340,FULLBODY1,2014-03-02,74.5,okay,89.1,26.2,62.4,49.1,102.6,70.3,7.7,2,hypertrophy,Barbell Bench Press,chest,177.5,11,1952.5
343,FULLBODY1,2014-03-08,75.0,tired,89.8,25.9,64.2,46.8,104.7,78.7,6.9,4,hypertrophy,Barbell Bench Press,chest,245.0,8,1960.0
346,FULLBODY1,2014-03-16,75.2,okay,89.5,26.6,65.5,49.1,106.3,60.7,7.3,2,hypertrophy,Barbell Bench Press,chest,247.5,8,1980.0
349,FULLBODY1,2014-03-24,75.3,okay,90.5,26.8,62.0,49.1,105.5,66.2,7.5,4,hypertrophy,Barbell Bench Press,chest,200.0,10,2000.0
352,FULLBODY1,2014-03-30,75.2,okay,90.2,26.9,63.3,50.0,107.0,66.3,7.8,1,hypertrophy,Barbell Bench Press,chest,222.5,9,2002.5
355,FULLBODY1,2014-04-07,75.2,tired,89.1,25.7,63.4,48.9,105.1,64.7,6.3,5,hypertrophy,Barbell Bench Press,chest,167.5,12,2010.0
358,FULLBODY1,2014-04-13,75.3,tired,91.8,26.4,62.7,47.2,106.6,60.1,6.6,3,hypertrophy,Barbell Bench Press,chest,287.5,7,2012.5
361,FULLBODY1,2014-04-21,75.2,tired,92.1,26.4,65.3,48.7,103.9,56.4,7.0,3,deload,Barbell Bench Press,chest,252.5,8,2020.0
364,FULLBODY1,2014-04-28,75.1,good,89.5,26.6,62.5,49.2,104.7,57.1,8.6,1,hypertrophy,Barbell Bench Press,chest,202.5,10,2025.0
367,FULLBODY1,2014-05-04,75.1,tired,91.6,26.0,62.5,48.0,105.2,62.2,7.0,2,hypertrophy,Barbell Bench Press,chest,185.0,11,2035.0
370,FULLBODY1,2014-05-12,75.1,okay,90.2,26.7,63.4,48.8,107.5,51.0,8.0,2,hypertrophy,Barbell Bench Press,chest,340.0,6,2040.0
373,FULLBODY1,2014-05-19,75.5,tired,90.3,26.5,64.2,47.2,105.1,63.4,6.8,4,hypertrophy,Barbell Bench Press,chest,292.5,7,2047.5
376,FULLBODY1,2014-05-24,75.6,good,91.9,25.8,64.0,49.2,106.0,60.8,8.6,2,hypertrophy,Barbell Bench Press,chest,257.5,8,2060.0
379,FULLBODY1,2014-05-31,75.7,good,91.3,26.9,63.8,49.9,104.4,65.9,8.7,1,hypertrophy,Barbell Bench Press,chest,260.0,8,2080.0
382,FULLBODY1,2014-06-08,75.8,okay,91.0,27.4,65.4,48.2,105.9,60.2,7.5,3,hypertrophy,Barbell Bench Press,chest,297.5,7,2082.5
385,FULLBODY1,2014-06-16,75.4,okay,90.0,26.1,63.9,49.1,106.2,64.3,7.3,2,deload,Barbell Bench Press,chest,262.5,8,2100.0
388,FULLBODY1,2014-06-23,75.5,okay,90.8,26.9,63.6,47.8,105.5,61.2,7.3,3,hypertrophy,Barbell Bench Press,chest,235.0,9,2115.0
391,FULLBODY1,2014-06-29,75.7,okay,91.9,26.9,65.0,49.2,106.3,58.5,8.0,2,hypertrophy,Barbell Bench Press,chest,355.0,6,2130.0
394,FULLBODY1,2014-07-07,75.9,good,91.1,26.5,64.6,48.0,106.9,63.6,8.2,1,hypertrophy,Barbell Bench Press,chest,357.5,6,2145.0
397,FULLBODY1,2014-07-13,76.1,okay,92.6,26.1,66.2,48.4,108.4,61.8,7.3,2,hypertrophy,Barbell Bench Press,chest,197.5,11,2172.5
400,FULLBODY1,2014-07-19,76.2,okay,92.1,26.3,64.6,50.3,107.4,59.8,8.0,2,hypertrophy,Barbell Bench Press,chest,312.5,7,2187.5
403,FULLBODY1,2014-07-26,76.2,okay,90.7,27.1,65.2,48.4,107.2,55.7,8.0,2,hypertrophy,Barbell Bench Press,chest,315.0,7,2205.0
406,FULLBODY1,2014-08-03,76.3,okay,91.1,27.0,63.4,50.6,106.5,57.9,7.9,3,hypertrophy,Barbell Bench Press,chest,317.5,7,2222.5
409,FULLBODY1,2014-08-10,76.4,good,92.3,27.1,64.7,50.1,108.2,53.8,8.9,1,deload,Barbell Bench Press,chest,280.0,8,2240.0
412,FULLBODY1,2014-08-16,76.3,okay,91.3,26.4,65.7,50.0,106.5,66.3,7.9,2,hypertrophy,Barbell Bench Press,chest,322.5,7,2257.5
415,FULLBODY1,2014-08-24,76.3,good,91.1,26.9,64.9,49.1,107.2,55.4,8.2,2,hypertrophy,Barbell Bench Press,chest,377.5,6,2265.0
418,FULLBODY1,2014-09-01,76.2,good,92.4,27.2,65.1,49.2,107.1,51.3,8.3,1,hypertrophy,Barbell Bench Press,chest,227.5,10,2275.0
421,FULLBODY1,2014-09-06,76.3,tired,91.0,27.1,65.1,49.3,106.5,51.7,6.7,3,hypertrophy,Barbell Bench Press,chest,255.0,9,2295.0
424,FULLBODY1,2014-09-13,76.3,tired,92.8,26.1,65.1,48.3,105.7,60.2,6.6,3,hypertrophy,Barbell Bench Press,chest,385.0,6,2310.0
427,FULLBODY1,2014-09-20,76.4,okay,89.2,26.2,64.6,49.3,106.9,68.4,7.0,2,hypertrophy,Barbell Bench Press,chest,387.5,6,2325.0
430,FULLBODY1,2014-09-27,76.6,good,92.5,26.5,65.1,49.6,106.5,69.1,8.9,2,hypertrophy,Barbell Bench Press,chest,212.5,11,2337.5
433,FULLBODY1,2014-10-06,76.5,tired,92.9,26.7,64.0,50.0,107.0,58.8,5.6,5,deload,Barbell Bench Press,chest,260.0,9,2340.0
436,FULLBODY1,2014-10-13,76.4,okay,92.0,26.1,64.7,48.9,107.0,62.3,7.0,2,hypertrophy,Barbell Bench Press,chest,295.0,8,2360.0
439,FULLBODY1,2014-10-20,76.6,tired,92.4,27.6,64.6,49.1,105.8,64.0,7.0,3,hypertrophy,Barbell Bench Press,chest,395.0,6,2370.0
442,FULLBODY1,2014-10-25,76.8,tired,92.5,28.2,66.1,50.8,108.1,54.6,6.9,3,hypertrophy,Barbell Bench Press,chest,265.0,9,2385.0
445,FULLBODY1,2014-11-03,77.0,good,91.8,25.8,64.5,49.6,107.4,59.9,8.4,1,hypertrophy,Barbell Bench Press,chest,267.5,9,2407.5
448,FULLBODY1,2014-11-08,77.2,tired,92.1,27.6,65.6,49.8,109.3,64.8,5.2,6,hypertrophy,Barbell Bench Press,chest,402.5,6,2415.0
451,FULLBODY1,2014-11-16,77.0,tired,91.8,26.9,66.0,50.7,108.8,59.9,7.0,3,hypertrophy,Barbell Bench Press,chest,302.5,8,2420.0
454,FULLBODY1,2014-11-23,77.2,okay,94.2,27.1,66.3,48.5,108.8,72.6,7.9,2,hypertrophy,Barbell Bench Press,chest,347.5,7,2432.5
457,FULLBODY1,2014-12-01,77.0,tired,91.7,27.1,64.0,50.7,109.3,60.0,6.8,3,deload,Barbell Bench Press,chest,272.5,9,2452.5
460,FULLBODY1,2014-12-08,77.1,okay,93.4,26.7,63.9,50.7,107.1,60.6,7.7,1,hypertrophy,Barbell Bench Press,chest,275.0,9,2475.0
463,FULLBODY1,2014-12-14,77.2,okay,92.9,27.2,66.5,51.2,108.4,59.4,7.9,3,hypertrophy,Barbell Bench Press,chest,250.0,10,2500.0
466,FULLBODY1,2014-12-22,77.1,tired,93.7,26.7,64.3,50.7,108.3,71.1,6.3,4,hypertrophy,Barbell Bench Press,chest,357.5,7,2502.5
469,FULLBODY1,2014-12-27,77.2,tired,92.6,27.1,66.0,49.6,107.6,67.2,6.8,3,hypertrophy,Barbell Bench Press,chest,417.5,6,2505.0
472,FULLBODY1,2015-01-05,77.2,good,91.7,27.4,65.3,49.9,107.5,56.5,8.3,1,hypertrophy,Barbell Bench Press,chest,360.0,7,2520.0
475,FULLBODY1,2015-01-10,77.2,good,92.4,26.5,67.2,50.7,108.3,61.7,9.4,1,hypertrophy,Barbell Bench Press,chest,422.5,6,2535.0
478,FULLBODY1,2015-01-19,76.9,tired,90.8,26.7,65.0,47.6,107.9,56.9,4.8,6,hypertrophy,Barbell Bench Press,chest,362.5,7,2537.5
481,FULLBODY1,2015-01-26,77.3,okay,91.6,26.7,65.3,50.2,109.6,63.2,7.7,2,deload,Barbell Bench Press,chest,282.5,9,2542.5
484,FULLBODY1,2015-02-01,77.5,tired,93.2,26.9,65.4,51.0,107.0,64.0,5.9,4,hypertrophy,Barbell Bench Press,chest,255.0,10,2550.0
487,FULLBODY1,2015-02-08,77.5,good,92.5,26.3,66.7,51.4,107.8,61.7,8.1,2,hypertrophy,Barbell Bench Press,chest,215.0,12,2580.0
490,FULLBODY1,2015-02-14,77.9,tired,94.6,27.5,65.9,50.6,108.1,64.1,6.2,4,hypertrophy,Barbell Bench Press,chest,217.5,12,2610.0
493,FULLBODY1,2015-02-23,78.0,okay,95.0,27.5,67.8,51.5,108.8,64.9,7.2,4,hypertrophy,Barbell Bench Press,chest,437.5,6,2625.0
496,FULLBODY1,2015-03-01,77.9,okay,93.2,27.7,67.5,51.7,105.5,48.8,7.9,4,hypertrophy,Barbell Bench Press,chest,292.5,9,2632.5
499,FULLBODY1,2015-03-09,77.9,okay,93.9,26.6,66.4,50.5,108.4,64.7,7.7,3,hypertrophy,Barbell Bench Press,chest,440.0,6,2640.0
502,FULLBODY1,2015-03-14,78.0,okay,93.8,28.6,65.7,51.3,108.8,55.8,7.4,1,hypertrophy,Barbell Bench Press,chest,295.0,9,2655.0
505,FULLBODY1,2015-03-21,78.4,tired,93.8,26.8,66.3,51.3,109.4,66.8,5.5,4,deload,Barbell Bench Press,chest,380.0,7,2660.0
508,FULLBODY1,2015-03-29,78.5,good,95.1,27.7,67.5,51.6,110.0,61.3,9.2,1,hypertrophy,Barbell Bench Press,chest,242.5,11,2667.5
511,FULLBODY1,2015-04-04,78.5,tired,95.8,26.9,66.9,50.8,109.9,63.1,6.0,5,hypertrophy,Barbell Bench Press,chest,445.0,6,2670.0
514,FULLBODY1,2015-04-13,78.7,okay,93.6,27.9,67.7,50.1,107.7,70.8,8.0,1,hypertrophy,Barbell Bench Press,chest,297.5,9,2677.5
517,FULLBODY1,2015-04-18,78.8,good,96.0,27.3,66.2,50.8,111.1,59.3,9.1,2,hypertrophy,Barbell Bench Press,chest,335.0,8,2680.0
520,FULLBODY1,2015-04-26,78.6,good,94.8,28.5,67.9,50.6,110.9,61.2,9.1,1,hypertrophy,Barbell Bench Press,chest,300.0,9,2700.0
523,FULLBODY1,2015-05-03,78.7,okay,94.1,28.4,66.1,51.6,109.7,64.8,7.3,4,hypertrophy,Barbell Bench Press,chest,272.5,10,2725.0
526,FULLBODY1,2015-05-09,79.0,tired,96.2,27.8,68.4,51.2,111.3,58.2,6.1,4,hypertrophy,Barbell Bench Press,chest,275.0,10,2750.0
529,FULLBODY1,2015-05-17,79.1,tired,96.7,27.2,67.8,50.0,111.1,52.1,6.4,6,deload,Barbell Bench Press,chest,460.0,6,2760.0
532,FULLBODY1,2015-05-25,79.3,okay,95.0,28.1,67.1,51.2,111.8,64.1,7.6,2,hypertrophy,Barbell Bench Press,chest,395.0,7,2765.0
535,FULLBODY1,2015-05-30,79.4,tired,95.3,28.3,67.0,51.2,110.5,61.9,6.5,3,hypertrophy,Barbell Bench Press,chest,462.5,6,2775.0
538,FULLBODY1,2015-06-08,79.1,tired,92.6,27.4,65.6,50.7,111.1,61.7,6.4,4,hypertrophy,Barbell Bench Press,chest,347.5,8,2780.0
541,FULLBODY1,2015-06-15,79.3,tired,95.2,28.2,67.6,50.2,111.3,60.4,6.5,5,hypertrophy,Barbell Bench Press,chest,310.0,9,2790.0
544,FULLBODY1,2015-06-21,79.4,tired,95.3,28.4,66.9,50.7,111.5,55.9,6.9,2,hypertrophy,Barbell Bench Press,chest,467.5,6,2805.0
547,FULLBODY1,2015-06-28,79.8,okay,97.0,28.7,67.4,52.4,113.9,66.5,7.2,2,hypertrophy,Barbell Bench Press,chest,312.5,9,2812.5
550,FULLBODY1,2015-07-04,79.7,good,96.5,27.6,69.1,51.9,110.9,70.1,8.6,1,hypertrophy,Barbell Bench Press,chest,470.0,6,2820.0
553,FULLBODY1,2015-07-13,79.6,okay,94.4,27.6,66.4,52.3,112.6,70.2,7.7,2,deload,Barbell Bench Press,chest,405.0,7,2835.0
556,FULLBODY1,2015-07-19,79.9,tired,95.8,27.4,69.4,52.2,112.0,63.6,7.0,3,hypertrophy,Barbell Bench Press,chest,475.0,6,2850.0
559,FULLBODY1,2015-07-25,79.7,okay,95.4,28.8,67.9,51.8,113.0,73.3,7.4,2,hypertrophy,Barbell Bench Press,chest,407.5,7,2852.5
562,FULLBODY1,2015-08-02,80.1,good,95.5,28.4,68.0,53.2,110.7,63.7,8.5,1,hypertrophy,Barbell Bench Press,chest,477.5,6,2865.0
565,FULLBODY1,2015-08-09,80.0,good,96.8,28.1,68.1,51.9,111.6,57.4,8.3,1,hypertrophy,Barbell Bench Press,chest,360.0,8,2880.0
568,FULLBODY1,2015-08-16,80.2,tired,96.8,27.9,67.3,52.3,113.3,66.2,6.7,3,hypertrophy,Barbell Bench Press,chest,262.5,11,2887.5
571,FULLBODY1,2015-08-24,79.9,good,97.1,28.1,66.9,51.3,112.3,58.0,8.4,3,hypertrophy,Barbell Bench Press,chest,362.5,8,2900.0
574,FULLBODY1,2015-08-31,79.8,tired,97.1,27.2,66.2,52.0,111.6,60.3,7.0,3,hypertrophy,Barbell Bench Press,chest,365.0,8,2920.0
577,FULLBODY1,2015-09-06,80.0,okay,95.3,28.0,67.1,52.4,113.1,60.5,7.4,3,deload,Barbell Bench Press,chest,325.0,9,2925.0
580,FULLBODY1,2015-09-12,79.8,good,94.6,27.4,67.5,50.7,110.4,66.2,8.2,3,hypertrophy,Barbell Bench Press,chest,490.0,6,2940.0
583,FULLBODY1,2015-09-19,79.9,good,95.3,28.4,68.9,52.4,112.8,63.2,9.8,1,hypertrophy,Barbell Bench Press,chest,492.5,6,2955.0
586,FULLBODY1,2015-09-26,79.8,good,97.5,28.2,66.1,52.0,110.5,56.4,9.0,1,hypertrophy,Barbell Bench Press,chest,297.5,10,2975.0
589,FULLBODY1,2015-10-03,79.8,good,98.6,28.7,69.1,52.1,110.4,59.9,8.8,1,hypertrophy,Barbell Bench Press,chest,497.5,6,2985.0
592,FULLBODY1,2015-10-12,79.9,good,95.7,28.2,67.1,51.6,112.7,59.4,9.1,1,hypertrophy,Barbell Bench Press,chest,375.0,8,3000.0
595,FULLBODY1,2015-10-17,80.2,okay,95.9,28.1,69.6,52.8,114.3,61.8,7.4,1,hypertrophy,Barbell Bench Press,chest,377.5,8,3020.0
598,FULLBODY1,2015-10-24,80.4,okay,96.9,27.2,67.2,53.2,112.1,65.6,7.4,4,hypertrophy,Barbell Bench Press,chest,432.5,7,3027.5
601,FULLBODY1,2015-11-02,80.3,okay,97.5,27.4,66.8,52.0,111.9,67.9,7.9,2,deload,Barbell Bench Press,chest,505.0,6,3030.0
604,FULLBODY1,2015-11-07,80.1,tired,95.9,28.2,65.4,51.3,111.9,57.6,7.0,3,hypertrophy,Barbell Bench Press,chest,380.0,8,3040.0
607,FULLBODY1,2015-11-15,80.3,good,96.5,28.3,66.9,53.1,112.0,57.6,8.3,2,hypertrophy,Barbell Bench Press,chest,340.0,9,3060.0
610,FULLBODY1,2015-11-23,80.5,tired,98.4,28.6,68.5,52.2,114.1,64.4,6.9,3,hypertrophy,Barbell Bench Press,chest,437.5,7,3062.5
613,FULLBODY1,2015-11-28,80.7,good,96.4,30.0,70.9,52.3,113.9,60.9,8.3,3,hypertrophy,Barbell Bench Press,chest,385.0,8,3080.0
616,FULLBODY1,2015-12-05,80.7,tired,94.9,28.3,67.0,53.0,114.3,64.3,6.4,4,hypertrophy,Barbell Bench Press,chest,342.5,9,3082.5
619,FULLBODY1,2015-12-13,80.8,good,95.3,28.4,69.8,51.1,114.5,61.3,8.5,1,hypertrophy,Barbell Bench Press,chest,310.0,10,3100.0
622,FULLBODY1,2015-12-20,81.2,tired,97.1,27.8,67.9,53.4,115.3,64.8,6.4,3,hypertrophy,Barbell Bench Press,chest,517.5,6,3105.0
625,FULLBODY1,2015-12-26,81.1,okay,96.0,28.8,71.0,52.6,114.4,67.7,7.6,5,deload,Barbell Bench Press,chest,390.0,8,3120.0
628,FULLBODY1,2016-01-04,81.2,okay,97.9,28.3,69.3,53.0,114.5,51.4,7.6,2,hypertrophy,Barbell Bench Press,chest,392.5,8,3140.0
631,FULLBODY1,2016-01-11,81.7,tired,99.1,28.1,69.2,55.9,113.4,62.3,6.8,4,hypertrophy,Barbell Bench Press,chest,287.5,11,3162.5
634,FULLBODY1,2016-01-17,81.7,good,96.8,27.7,69.5,52.5,113.7,64.5,8.9,1,hypertrophy,Barbell Bench Press,chest,352.5,9,3172.5
637,FULLBODY1,2016-01-25,81.6,good,98.6,29.2,69.0,53.2,114.1,53.0,8.1,2,hypertrophy,Barbell Bench Press,chest,397.5,8,3180.0
640,FULLBODY1,2016-01-31,82.0,okay,98.1,28.5,70.7,53.4,115.1,63.7,7.5,4,hypertrophy,Barbell Bench Press,chest,320.0,10,3200.0
643,FULLBODY1,2016-02-08,81.9,good,98.4,28.9,68.9,53.1,116.1,65.3,8.1,2,hypertrophy,Barbell Bench Press,chest,357.5,9,3217.5
646,FULLBODY1,2016-02-13,81.8,okay,97.7,27.8,69.7,52.9,114.0,60.5,7.2,4,hypertrophy,Barbell Bench Press,chest,537.5,6,3225.0
649,FULLBODY1,2016-02-22,82.1,okay,99.6,29.2,70.3,53.9,116.5,48.7,7.7,3,deload,Barbell Bench Press,chest,540.0,6,3240.0
652,FULLBODY1,2016-02-29,82.1,tired,97.9,28.7,69.3,53.4,113.9,61.1,6.5,3,hypertrophy,Barbell Bench Press,chest,272.5,12,3270.0
655,FULLBODY1,2016-03-06,82.1,tired,97.8,28.7,68.7,52.3,115.6,64.0,6.5,4,hypertrophy,Barbell Bench Press,chest,410.0,8,3280.0
658,FULLBODY1,2016-03-14,82.3,good,100.3,28.7,70.6,52.8,115.8,52.2,9.4,1,hypertrophy,Barbell Bench Press,chest,300.0,11,3300.0
661,FULLBODY1,2016-03-21,82.4,tired,98.2,29.2,69.7,53.0,115.1,61.6,6.9,3,hypertrophy,Barbell Bench Press,chest,552.5,6,3315.0
664,FULLBODY1,2016-03-26,82.7,good,98.4,30.0,70.0,54.4,116.4,69.6,8.0,1,hypertrophy,Barbell Bench Press,chest,332.5,10,3325.0
667,FULLBODY1,2016-04-02,82.8,tired,98.1,28.3,71.4,52.8,116.1,62.8,6.5,4,hypertrophy,Barbell Bench Press,chest,555.0,6,3330.0
670,FULLBODY1,2016-04-09,83.2,good,99.6,29.4,70.6,54.0,115.9,74.3,8.0,2,hypertrophy,Barbell Bench Press,chest,417.5,8,3340.0
673,FULLBODY1,2016-04-18,83.4,tired,100.2,29.3,72.0,52.3,116.5,61.6,6.3,4,deload,Barbell Bench Press,chest,557.5,6,3345.0
676,FULLBODY1,2016-04-23,84.1,okay,100.1,29.7,71.9,54.3,118.1,58.7,7.5,1,hypertrophy,Barbell Bench Press,chest,560.0,6,3360.0
679,FULLBODY1,2016-05-01,84.2,tired,99.8,29.3,72.2,55.0,116.6,51.9,6.3,3,hypertrophy,Barbell Bench Press,chest,482.5,7,3377.5
682,FULLBODY1,2016-05-08,84.2,tired,101.3,29.5,72.1,53.6,117.7,61.6,6.5,5,hypertrophy,Barbell Bench Press,chest,485.0,7,3395.0
685,FULLBODY1,2016-05-15,84.3,good,101.4,30.2,71.8,55.1,119.6,71.1,8.3,1,hypertrophy,Barbell Bench Press,chest,377.5,9,3397.5
688,FULLBODY1,2016-05-23,84.4,good,100.9,28.6,72.8,54.6,117.2,60.3,8.1,1,hypertrophy,Barbell Bench Press,chest,567.5,6,3405.0
691,FULLBODY1,2016-05-30,84.5,good,101.9,29.2,72.5,54.9,118.5,68.6,8.2,1,hypertrophy,Barbell Bench Press,chest,285.0,12,3420.0
694,FULLBODY1,2016-06-04,84.7,good,99.7,28.7,70.8,54.6,118.6,69.6,8.1,2,hypertrophy,Barbell Bench Press,chest,430.0,8,3440.0
697,FULLBODY1,2016-06-11,84.9,tired,101.4,29.1,71.9,55.8,119.1,67.4,6.8,3,deload,Barbell Bench Press,chest,432.5,8,3460.0
700,FULLBODY1,2016-06-18,84.7,okay,100.2,29.8,72.2,55.0,118.9,54.9,7.9,4,hypertrophy,Barbell Bench Press,chest,577.5,6,3465.0
703,FULLBODY1,2016-06-25,84.4,good,99.5,29.6,71.0,56.5,118.5,65.4,8.6,1,hypertrophy,Barbell Bench Press,chest,435.0,8,3480.0
706,FULLBODY1,2016-07-03,84.3,good,100.8,29.8,69.6,56.0,118.2,61.6,8.8,1,hypertrophy,Barbell Bench Press,chest,497.5,7,3482.5
709,FULLBODY1,2016-07-11,84.0,tired,97.6,28.5,71.8,54.4,119.3,69.9,6.9,2,hypertrophy,Barbell Bench Press,chest,500.0,7,3500.0
712,FULLBODY1,2016-07-18,83.9,tired,100.5,28.9,70.3,55.6,116.4,59.6,7.0,6,hypertrophy,Barbell Bench Press,chest,352.5,10,3525.0
715,FULLBODY1,2016-07-23,84.1,tired,101.3,29.0,71.7,54.4,118.6,67.5,6.1,2,hypertrophy,Barbell Bench Press,chest,322.5,11,3547.5
718,FULLBODY1,2016-08-01,84.3,okay,100.2,29.5,72.4,55.0,116.1,65.6,7.4,3,hypertrophy,Barbell Bench Press,chest,395.0,9,3555.0
721,FULLBODY1,2016-08-08,84.1,okay,100.5,29.3,71.1,53.9,116.6,69.9,7.6,3,deload,Barbell Bench Press,chest,397.5,9,3577.5
724,FULLBODY1,2016-08-14,84.2,okay,100.2,30.7,72.2,54.6,117.1,65.7,7.0,2,hypertrophy,Barbell Bench Press,chest,512.5,7,3587.5
727,FULLBODY1,2016-08-20,84.2,okay,102.2,29.4,72.0,55.2,120.7,68.3,7.8,3,hypertrophy,Barbell Bench Press,chest,400.0,9,3600.0
730,FULLBODY1,2016-08-29,83.9,tired,102.1,29.8,70.7,54.2,116.6,68.3,6.1,5,hypertrophy,Barbell Bench Press,chest,302.5,12,3630.0
733,FULLBODY1,2016-09-03,84.1,good,101.1,29.5,71.8,55.0,116.3,64.3,8.1,2,hypertrophy,Barbell Bench Press,chest,365.0,10,3650.0
736,FULLBODY1,2016-09-10,84.2,okay,101.6,29.7,71.8,55.7,119.8,60.9,7.5,3,hypertrophy,Barbell Bench Press,chest,457.5,8,3660.0
739,FULLBODY1,2016-09-17,84.2,okay,100.9,29.0,71.5,54.3,116.6,58.6,7.9,2,hypertrophy,Barbell Bench Press,chest,407.5,9,3667.5
742,FULLBODY1,2016-09-24,84.0,okay,100.2,28.8,71.4,53.1,114.9,68.5,7.5,3,hypertrophy,Barbell Bench Press,chest,612.5,6,3675.0
745,FULLBODY1,2016-10-03,84.4,good,101.8,30.1,71.1,54.7,117.1,67.0,9.7,1,deload,Barbell Bench Press,chest,370.0,10,3700.0
748,FULLBODY1,2016-10-10,84.4,good,101.2,29.1,71.4,54.5,117.6,68.1,8.6,2,hypertrophy,Barbell Bench Press,chest,412.5,9,3712.5
751,FULLBODY1,2016-10-15,84.5,good,100.2,28.7,72.3,53.5,117.2,58.3,8.7,1,hypertrophy,Barbell Bench Press,chest,620.0,6,3720.0
754,FULLBODY1,2016-10-22,84.9,okay,102.2,29.4,72.2,54.7,119.3,70.5,7.1,4,hypertrophy,Barbell Bench Press,chest,622.5,6,3735.0
757,FULLBODY1,2016-10-29,85.0,good,101.6,29.6,72.4,54.9,120.0,59.3,10.0,1,hypertrophy,Barbell Bench Press,chest,625.0,6,3750.0
760,FULLBODY1,2016-11-07,85.1,okay,101.2,29.7,72.7,55.4,119.0,61.4,7.8,3,hypertrophy,Barbell Bench Press,chest,627.5,6,3765.0
763,FULLBODY1,2016-11-14,85.3,tired,100.1,30.0,72.8,56.7,119.0,66.6,5.9,3,hypertrophy,Barbell Bench Press,chest,420.0,9,3780.0
766,FULLBODY1,2016-11-20,85.5,okay,102.4,30.2,74.4,55.6,119.6,64.2,7.9,3,hypertrophy,Barbell Bench Press,chest,422.5,9,3802.5
769,FULLBODY1,2016-11-26,85.7,okay,103.7,30.2,71.5,56.2,122.9,67.5,7.1,4,deload,Barbell Bench Press,chest,317.5,12,3810.0
772,FULLBODY1,2016-12-05,85.9,okay,103.3,29.9,74.0,56.0,120.8,61.7,7.4,1,hypertrophy,Barbell Bench Press,chest,347.5,11,3822.5
775,FULLBODY1,2016-12-11,85.9,tired,103.4,30.9,73.1,55.4,119.3,67.4,6.7,4,hypertrophy,Barbell Bench Press,chest,480.0,8,3840.0
778,FULLBODY1,2016-12-19,86.1,okay,103.1,30.6,73.9,55.9,120.0,60.6,7.6,1,hypertrophy,Barbell Bench Press,chest,642.5,6,3855.0
781,FULLBODY1,2016-12-26,86.2,tired,103.0,30.9,72.0,56.4,118.8,57.7,6.5,4,hypertrophy,Barbell Bench Press,chest,552.5,7,3867.5
784,FULLBODY1,2016-12-31,86.0,good,103.9,30.3,74.6,55.8,121.2,57.4,8.4,3,hypertrophy,Barbell Bench Press,chest,645.0,6,3870.0
787,FULLBODY1,2017-01-07,86.2,good,102.8,30.6,72.8,56.1,121.4,64.9,8.9,1,hypertrophy,Barbell Bench Press,chest,555.0,7,3885.0
790,FULLBODY1,2017-01-15,86.2,okay,103.3,29.8,73.0,56.4,120.9,62.8,7.4,2,hypertrophy,Barbell Bench Press,chest,650.0,6,3900.0
793,FULLBODY1,2017-01-22,86.2,good,103.7,30.8,73.1,55.8,118.6,65.0,8.2,1,deload,Barbell Bench Press,chest,435.0,9,3915.0
796,FULLBODY1,2017-01-29,86.4,okay,103.1,30.6,71.9,55.7,121.6,65.5,7.9,1,hypertrophy,Barbell Bench Press,chest,437.5,9,3937.5
799,FULLBODY1,2017-02-04,86.4,okay,102.2,30.7,73.1,56.7,121.0,73.1,7.9,1,hypertrophy,Barbell Bench Press,chest,360.0,11,3960.0
802,FULLBODY1,2017-02-11,86.2,good,103.8,30.5,75.9,56.6,120.8,65.3,9.3,1,hypertrophy,Barbell Bench Press,chest,497.5,8,3980.0
805,FULLBODY1,2017-02-20,86.5,tired,103.8,29.6,75.5,55.4,120.6,59.8,5.6,2,hypertrophy,Barbell Bench Press,chest,442.5,9,3982.5
808,FULLBODY1,2017-02-26,86.5,good,103.6,30.8,73.6,57.0,119.4,56.3,8.5,3,hypertrophy,Barbell Bench Press,chest,570.0,7,3990.0
811,FULLBODY1,2017-03-06,86.3,okay,103.7,30.2,74.2,56.1,123.1,62.2,7.9,3,hypertrophy,Barbell Bench Press,chest,500.0,8,4000.0
814,FULLBODY1,2017-03-12,86.5,good,104.5,29.9,72.8,57.2,121.9,57.1,8.7,2,hypertrophy,Barbell Bench Press,chest,335.0,12,4020.0
817,FULLBODY1,2017-03-20,86.3,good,106.5,29.6,73.8,56.0,121.6,64.0,8.4,1,deload,Barbell Bench Press,chest,505.0,8,4040.0
820,FULLBODY1,2017-03-26,86.3,tired,103.9,29.9,74.0,56.2,120.9,61.5,6.7,3,hypertrophy,Barbell Bench Press,chest,450.0,9,4050.0
823,FULLBODY1,2017-04-01,86.1,tired,104.4,30.0,71.9,56.3,122.0,62.0,6.6,4,hypertrophy,Barbell Bench Press,chest,407.5,10,4075.0
826,FULLBODY1,2017-04-08,86.2,tired,104.2,30.7,73.3,57.2,119.9,55.9,5.5,6,hypertrophy,Barbell Bench Press,chest,340.0,12,4080.0
829,FULLBODY1,2017-04-15,86.4,tired,102.6,29.3,74.4,56.3,122.6,62.3,6.6,3,hypertrophy,Barbell Bench Press,chest,682.5,6,4095.0
832,FULLBODY1,2017-04-24,86.0,okay,104.3,29.9,72.3,56.4,120.3,61.2,7.5,2,hypertrophy,Barbell Bench Press,chest,410.0,10,4100.0
835,FULLBODY1,2017-04-30,86.1,good,102.6,30.7,73.8,56.0,120.8,65.7,8.4,3,hypertrophy,Barbell Bench Press,chest,457.5,9,4117.5
838,FULLBODY1,2017-05-08,86.2,okay,103.5,30.7,73.0,55.4,120.5,54.8,7.3,2,hypertrophy,Barbell Bench Press,chest,515.0,8,4120.0
841,FULLBODY1,2017-05-14,86.3,good,105.2,30.1,74.0,55.9,121.3,61.4,8.1,3,deload,Barbell Bench Press,chest,517.5,8,4140.0
844,FULLBODY1,2017-05-21,86.3,tired,103.3,30.8,73.6,55.8,119.5,59.1,6.0,2,hypertrophy,Barbell Bench Press,chest,592.5,7,4147.5
847,FULLBODY1,2017-05-28,86.4,okay,104.0,31.1,73.7,57.2,119.5,58.3,7.5,1,hypertrophy,Barbell Bench Press,chest,692.5,6,4155.0
850,FULLBODY1,2017-06-03,86.6,good,104.4,30.0,72.7,58.1,121.2,62.8,8.6,1,hypertrophy,Barbell Bench Press,chest,695.0,6,4170.0
853,FULLBODY1,2017-06-12,86.7,good,105.5,29.3,73.8,56.0,121.3,66.8,10.0,1,hypertrophy,Barbell Bench Press,chest,465.0,9,4185.0
856,FULLBODY1,2017-06-19,86.8,okay,104.2,30.4,72.4,54.6,122.1,71.4,7.7,2,hypertrophy,Barbell Bench Press,chest,525.0,8,4200.0
859,FULLBODY1,2017-06-24,86.8,okay,103.1,30.8,75.4,56.7,121.7,60.6,7.8,2,hypertrophy,Barbell Bench Press,chest,467.5,9,4207.5
862,FULLBODY1,2017-07-01,86.8,tired,103.3,30.8,73.8,57.1,122.3,64.4,6.4,4,hypertrophy,Barbell Bench Press,chest,422.5,10,4225.0
865,FULLBODY1,2017-07-08,86.8,good,104.8,30.0,74.1,56.6,122.8,64.8,9.3,1,deload,Barbell Bench Press,chest,605.0,7,4235.0
868,FULLBODY1,2017-07-17,86.8,tired,104.6,29.7,72.8,57.2,123.0,68.2,6.5,3,hypertrophy,Barbell Bench Press,chest,425.0,10,4250.0
871,FULLBODY1,2017-07-23,87.0,okay,104.8,30.1,73.5,56.1,122.8,69.6,7.5,2,hypertrophy,Barbell Bench Press,chest,710.0,6,4260.0
874,FULLBODY1,2017-07-31,87.3,good,104.8,31.5,73.3,55.1,122.0,63.9,8.3,2,hypertrophy,Barbell Bench Press,chest,357.5,12,4290.0
877,FULLBODY1,2017-08-07,87.5,okay,104.2,30.3,74.8,56.5,122.5,67.3,7.8,3,hypertrophy,Barbell Bench Press,chest,430.0,10,4300.0
880,FULLBODY1,2017-08-14,87.5,okay,104.2,30.9,74.1,56.3,121.9,55.2,7.1,1,hypertrophy,Barbell Bench Press,chest,480.0,9,4320.0
883,FULLBODY1,2017-08-19,87.6,okay,105.5,30.3,73.1,55.0,124.0,60.4,7.9,4,hypertrophy,Barbell Bench Press,chest,395.0,11,4345.0
886,FULLBODY1,2017-08-28,87.5,okay,102.9,30.4,74.5,57.0,123.6,57.9,7.4,2,hypertrophy,Barbell Bench Press,chest,485.0,9,4365.0
889,FULLBODY1,2017-09-02,87.5,tired,104.0,29.8,74.8,58.2,120.3,66.7,6.2,2,deload,Barbell Bench Press,chest,730.0,6,4380.0
892,FULLBODY1,2017-09-09,87.4,tired,104.3,29.5,74.5,56.0,121.6,68.6,6.8,4,hypertrophy,Barbell Bench Press,chest,550.0,8,4400.0
895,FULLBODY1,2017-09-17,87.6,good,103.9,30.6,73.9,55.4,123.1,63.8,8.1,3,hypertrophy,Barbell Bench Press,chest,442.5,10,4425.0
898,FULLBODY1,2017-09-25,87.3,good,105.0,30.7,75.6,56.4,121.3,62.6,8.9,1,hypertrophy,Barbell Bench Press,chest,555.0,8,4440.0
901,FULLBODY1,2017-10-02,87.2,tired,105.5,30.5,73.2,56.7,123.9,61.4,6.0,4,hypertrophy,Barbell Bench Press,chest,557.5,8,4460.0
904,FULLBODY1,2017-10-07,87.3,okay,104.3,30.4,74.1,56.0,120.1,57.1,7.2,3,hypertrophy,Barbell Bench Press,chest,497.5,9,4477.5
907,FULLBODY1,2017-10-15,87.3,good,104.1,30.9,74.2,56.6,123.9,64.5,8.1,1,hypertrophy,Barbell Bench Press,chest,375.0,12,4500.0
910,FULLBODY1,2017-10-23,87.3,okay,103.5,30.3,76.1,56.6,122.2,66.2,7.1,3,hypertrophy,Barbell Bench Press,chest,565.0,8,4520.0
913,FULLBODY1,2017-10-28,87.4,tired,105.2,30.6,73.1,55.9,121.3,60.6,6.0,4,deload,Barbell Bench Press,chest,567.5,8,4540.0
916,FULLBODY1,2017-11-04,87.6,tired,104.6,29.5,75.6,57.3,123.8,53.4,6.2,2,hypertrophy,Barbell Bench Press,chest,570.0,8,4560.0
919,FULLBODY1,2017-11-12,88.2,okay,106.3,30.5,76.2,56.9,124.7,63.4,7.9,2,hypertrophy,Barbell Bench Press,chest,507.5,9,4567.5
922,FULLBODY1,2017-11-18,88.3,tired,105.9,31.0,76.0,58.1,123.4,68.9,6.3,6,hypertrophy,Barbell Bench Press,chest,762.5,6,4575.0
925,FULLBODY1,2017-11-27,88.4,okay,107.6,30.7,76.3,57.5,125.2,67.2,7.1,3,hypertrophy,Barbell Bench Press,chest,510.0,9,4590.0
928,FULLBODY1,2017-12-04,88.5,okay,105.7,31.4,74.0,56.7,123.9,58.4,7.9,3,hypertrophy,Barbell Bench Press,chest,417.5,11,4592.5
931,FULLBODY1,2017-12-09,88.6,tired,105.3,31.1,73.7,58.7,123.0,65.2,6.5,2,hypertrophy,Barbell Bench Press,chest,512.5,9,4612.5
934,FULLBODY1,2017-12-18,88.8,good,107.1,31.0,75.6,56.6,123.5,64.2,8.6,1,hypertrophy,Barbell Bench Press,chest,462.5,10,4625.0
937,FULLBODY1,2017-12-23,89.0,okay,106.1,31.0,75.7,57.9,123.1,57.1,7.9,3,deload,Barbell Bench Press,chest,580.0,8,4640.0
940,FULLBODY1,2017-12-31,89.3,okay,106.6,30.8,76.8,58.4,125.1,68.3,7.4,2,hypertrophy,Barbell Bench Press,chest,582.5,8,4660.0
943,FULLBODY1,2018-01-07,89.1,okay,106.0,31.1,75.6,56.2,126.9,69.8,7.9,4,hypertrophy,Barbell Bench Press,chest,777.5,6,4665.0
946,FULLBODY1,2018-01-13,89.3,good,107.0,32.0,76.2,58.6,124.8,62.2,8.0,2,hypertrophy,Barbell Bench Press,chest,780.0,6,4680.0
949,FULLBODY1,2018-01-21,89.6,tired,107.7,30.9,75.3,57.7,125.6,61.5,5.9,4,hypertrophy,Barbell Bench Press,chest,587.5,8,4700.0
952,FULLBODY1,2018-01-29,89.7,okay,108.1,31.5,75.9,58.1,124.0,64.9,7.6,3,hypertrophy,Barbell Bench Press,chest,785.0,6,4710.0
955,FULLBODY1,2018-02-05,89.7,okay,108.3,31.4,76.3,59.3,124.3,62.0,7.2,3,hypertrophy,Barbell Bench Press,chest,590.0,8,4720.0
958,FULLBODY1,2018-02-11,89.7,okay,108.7,30.5,76.5,60.9,124.0,63.1,7.8,3,hypertrophy,Barbell Bench Press,chest,592.5,8,4740.0
961,FULLBODY1,2018-02-19,89.8,tired,106.8,30.6,76.4,57.5,125.4,62.3,6.7,3,deload,Barbell Bench Press,chest,432.5,11,4757.5
964,FULLBODY1,2018-02-26,89.9,okay,108.6,31.3,76.5,58.3,125.1,64.3,7.7,3,hypertrophy,Barbell Bench Press,chest,397.5,12,4770.0
967,FULLBODY1,2018-03-03,90.2,good,107.2,31.0,77.9,60.7,125.9,69.2,8.1,2,hypertrophy,Barbell Bench Press,chest,532.5,9,4792.5
970,FULLBODY1,2018-03-10,90.2,good,106.8,31.4,77.2,59.4,127.2,68.4,8.1,1,hypertrophy,Barbell Bench Press,chest,685.0,7,4795.0
973,FULLBODY1,2018-03-18,90.2,okay,108.0,32.8,77.6,57.7,126.2,65.2,7.7,1,hypertrophy,Barbell Bench Press,chest,600.0,8,4800.0
976,FULLBODY1,2018-03-24,90.3,tired,106.4,30.8,75.8,60.7,126.1,67.1,6.9,2,hypertrophy,Barbell Bench Press,chest,402.5,12,4830.0
979,FULLBODY1,2018-04-01,90.1,okay,107.9,32.2,77.6,59.1,124.9,66.3,7.8,1,hypertrophy,Barbell Bench Press,chest,605.0,8,4840.0
982,FULLBODY1,2018-04-07,90.0,okay,108.0,31.4,76.9,57.5,126.3,65.8,7.1,3,hypertrophy,Barbell Bench Press,chest,442.5,11,4867.5
985,FULLBODY1,2018-04-14,89.9,okay,110.5,32.3,75.5,59.7,126.1,60.4,8.0,1,deload,Barbell Bench Press,chest,445.0,11,4895.0
988,FULLBODY1,2018-04-21,90.0,okay,106.5,31.5,76.3,59.2,126.7,61.6,7.6,2,hypertrophy,Barbell Bench Press,chest,817.5,6,4905.0
991,FULLBODY1,2018-04-30,90.1,tired,108.1,32.2,77.1,57.9,126.2,62.7,6.6,4,hypertrophy,Barbell Bench Press,chest,820.0,6,4920.0
994,FULLBODY1,2018-05-06,90.3,okay,106.8,30.5,77.9,58.4,125.3,59.2,7.3,4,hypertrophy,Barbell Bench Press,chest,705.0,7,4935.0
997,FULLBODY1,2018-05-13,90.2,good,109.2,31.2,76.9,60.7,126.9,59.9,8.2,2,hypertrophy,Barbell Bench Press,chest,617.5,8,4940.0
1000,FULLBODY1,2018-05-20,90.1,okay,107.6,31.8,76.8,58.2,125.6,58.1,7.6,2,hypertrophy,Barbell Bench Press,chest,620.0,8,4960.0
1003,FULLBODY1,2018-05-28,90.3,okay,106.9,31.8,76.6,57.8,128.9,52.9,7.1,3,hypertrophy,Barbell Bench Press,chest,827.5,6,4965.0
1006,FULLBODY1,2018-06-04,90.4,good,108.7,31.5,76.6,57.9,125.4,63.9,8.0,1,hypertrophy,Barbell Bench Press,chest,622.5,8,4980.0
1009,FULLBODY1,2018-06-11,90.8,okay,109.7,32.3,75.4,59.0,128.4,73.9,7.8,2,deload,Barbell Bench Press,chest,625.0,8,5000.0
1012,FULLBODY1,2018-06-17,90.9,okay,109.2,31.2,75.4,58.3,127.0,56.9,7.4,3,hypertrophy,Barbell Bench Press,chest,627.5,8,5020.0
1015,FULLBODY1,2018-06-24,90.9,tired,108.8,31.8,77.8,59.1,127.8,66.5,6.5,5,hypertrophy,Barbell Bench Press,chest,630.0,8,5040.0
1018,FULLBODY1,2018-07-01,91.2,tired,112.0,32.2,80.1,59.5,128.9,67.5,5.9,4,hypertrophy,Barbell Bench Press,chest,842.5,6,5055.0
1021,FULLBODY1,2018-07-09,91.1,okay,109.4,32.4,78.3,58.4,126.8,68.0,7.5,3,hypertrophy,Barbell Bench Press,chest,562.5,9,5062.5
1024,FULLBODY1,2018-07-14,91.2,tired,107.7,32.9,77.5,58.7,125.8,57.3,6.9,3,hypertrophy,Barbell Bench Press,chest,845.0,6,5070.0
1027,FULLBODY1,2018-07-21,91.1,okay,110.7,32.0,76.5,58.1,128.3,56.5,7.7,2,hypertrophy,Barbell Bench Press,chest,565.0,9,5085.0
1030,FULLBODY1,2018-07-29,91.1,tired,108.9,31.1,75.7,59.2,129.5,56.9,6.7,3,hypertrophy,Barbell Bench Press,chest,462.5,11,5087.5
1033,FULLBODY1,2018-08-06,91.3,tired,107.9,32.0,76.7,59.2,128.2,65.6,6.4,4,deload,Barbell Bench Press,chest,850.0,6,5100.0
1036,FULLBODY1,2018-08-11,91.4,tired,108.1,31.9,78.3,59.3,128.9,63.7,6.7,4,hypertrophy,Barbell Bench Press,chest,852.5,6,5115.0
1039,FULLBODY1,2018-08-18,91.7,tired,110.7,31.9,77.2,59.6,128.8,68.5,7.0,2,hypertrophy,Barbell Bench Press,chest,732.5,7,5127.5
1042,FULLBODY1,2018-08-25,91.8,good,109.8,31.9,77.5,58.8,128.3,58.4,9.2,1,hypertrophy,Barbell Bench Press,chest,570.0,9,5130.0
1045,FULLBODY1,2018-09-01,92.0,good,109.9,31.9,78.6,59.9,130.2,67.8,9.1,1,hypertrophy,Barbell Bench Press,chest,572.5,9,5152.5
1048,FULLBODY1,2018-09-09,92.3,good,109.6,32.1,80.1,61.2,128.4,58.6,8.8,1,hypertrophy,Barbell Bench Press,chest,645.0,8,5160.0
1051,FULLBODY1,2018-09-16,92.5,okay,111.0,32.0,79.3,60.1,129.7,59.0,7.8,1,hypertrophy,Barbell Bench Press,chest,470.0,11,5170.0
1054,FULLBODY1,2018-09-24,92.7,tired,111.7,32.8,78.5,60.5,131.3,64.8,6.4,3,hypertrophy,Barbell Bench Press,chest,862.5,6,5175.0
1057,FULLBODY1,2018-09-30,92.7,okay,111.3,32.8,79.4,60.6,130.2,62.9,7.4,2,deload,Barbell Bench Press,chest,432.5,12,5190.0
1060,FULLBODY1,2018-10-07,92.6,tired,112.0,32.3,78.1,61.2,130.4,59.0,6.2,4,hypertrophy,Barbell Bench Press,chest,867.5,6,5205.0
1063,FULLBODY1,2018-10-15,92.7,good,109.7,32.2,75.8,60.2,127.9,56.7,8.7,1,hypertrophy,Barbell Bench Press,chest,475.0,11,5225.0
1066,FULLBODY1,2018-10-20,92.6,good,109.6,31.9,78.4,59.7,129.0,58.1,8.0,4,hypertrophy,Barbell Bench Press,chest,655.0,8,5240.0
1069,FULLBODY1,2018-10-27,92.7,okay,111.6,32.6,79.2,60.3,128.6,59.7,7.1,1,hypertrophy,Barbell Bench Press,chest,657.5,8,5260.0
1072,FULLBODY1,2018-11-05,92.8,okay,112.3,32.3,77.3,61.2,129.9,63.6,7.7,4,hypertrophy,Barbell Bench Press,chest,585.0,9,5265.0
1075,FULLBODY1,2018-11-10,92.7,okay,111.3,32.1,80.9,60.6,129.6,62.0,8.0,2,hypertrophy,Barbell Bench Press,chest,527.5,10,5275.0
1078,FULLBODY1,2018-11-18,92.8,good,111.6,33.0,79.1,60.0,129.9,60.9,9.5,1,hypertrophy,Barbell Bench Press,chest,755.0,7,5285.0
1081,FULLBODY1,2018-11-26,92.7,tired,111.0,33.0,77.6,61.1,131.0,66.2,5.9,4,deload,Barbell Bench Press,chest,882.5,6,5295.0
1084,FULLBODY1,2018-12-01,92.6,good,111.7,32.3,77.0,58.2,126.9,59.7,8.4,1,hypertrophy,Barbell Bench Press,chest,530.0,10,5300.0
1087,FULLBODY1,2018-12-10,92.7,okay,111.0,32.2,79.8,60.3,129.1,60.0,7.8,3,hypertrophy,Barbell Bench Press,chest,482.5,11,5307.5
1090,FULLBODY1,2018-12-15,92.9,okay,112.5,32.3,78.3,60.8,130.8,60.0,7.1,2,hypertrophy,Barbell Bench Press,chest,885.0,6,5310.0
1093,FULLBODY1,2018-12-24,92.8,okay,111.3,32.6,80.3,61.1,130.1,51.5,7.3,2,hypertrophy,Barbell Bench Press,chest,445.0,12,5340.0
1096,FULLBODY1,2018-12-31,92.6,good,112.4,32.6,78.1,60.2,130.1,65.2,8.3,1,hypertrophy,Barbell Bench Press,chest,487.5,11,5362.5
1099,FULLBODY1,2019-01-05,92.8,okay,111.0,33.2,77.8,60.4,131.5,64.8,7.4,2,hypertrophy,Barbell Bench Press,chest,597.5,9,5377.5
1102,FULLBODY1,2019-01-13,92.8,okay,111.2,32.0,79.3,61.2,129.2,57.6,7.9,1,hypertrophy,Barbell Bench Press,chest,897.5,6,5385.0
1105,FULLBODY1,2019-01-20,93.1,tired,111.6,33.6,80.1,60.8,130.2,61.0,6.4,2,deload,Barbell Bench Press,chest,770.0,7,5390.0
1108,FULLBODY1,2019-01-28,93.2,okay,112.9,32.3,79.3,61.1,132.3,67.2,7.0,3,hypertrophy,Barbell Bench Press,chest,600.0,9,5400.0
1111,FULLBODY1,2019-02-03,93.0,good,113.9,32.0,77.5,60.9,130.1,63.4,9.7,1,hypertrophy,Barbell Bench Press,chest,492.5,11,5417.5
1114,FULLBODY1,2019-02-11,93.1,good,110.7,32.1,78.9,60.0,130.3,74.5,8.5,1,hypertrophy,Barbell Bench Press,chest,452.5,12,5430.0
1117,FULLBODY1,2019-02-16,93.1,tired,111.2,32.2,76.5,61.5,129.8,65.5,6.2,4,hypertrophy,Barbell Bench Press,chest,907.5,6,5445.0
1120,FULLBODY1,2019-02-24,93.1,tired,110.8,32.1,77.8,59.8,128.7,60.6,6.8,3,hypertrophy,Barbell Bench Press,chest,545.0,10,5450.0
1123,FULLBODY1,2019-03-03,93.5,tired,111.2,33.2,80.3,61.2,131.3,62.3,6.4,5,hypertrophy,Barbell Bench Press,chest,780.0,7,5460.0
1126,FULLBODY1,2019-03-11,93.4,okay,111.2,32.1,78.8,59.7,129.3,66.0,7.5,3,hypertrophy,Barbell Bench Press,chest,497.5,11,5472.5
1129,FULLBODY1,2019-03-17,93.5,tired,113.4,33.1,79.2,61.4,131.2,63.8,6.7,3,deload,Barbell Bench Press,chest,610.0,9,5490.0
1132,FULLBODY1,2019-03-23,93.6,okay,112.5,32.7,79.5,60.8,131.8,62.8,7.9,3,hypertrophy,Barbell Bench Press,chest,687.5,8,5500.0
1135,FULLBODY1,2019-03-31,93.8,good,113.0,33.0,80.2,60.1,132.8,63.2,8.2,1,hypertrophy,Barbell Bench Press,chest,787.5,7,5512.5
1138,FULLBODY1,2019-04-07,93.9,good,111.9,33.2,78.7,59.7,134.0,62.0,8.2,1,hypertrophy,Barbell Bench Press,chest,690.0,8,5520.0
1141,FULLBODY1,2019-04-14,93.8,okay,113.3,32.5,80.4,61.2,130.7,61.3,7.4,2,hypertrophy,Barbell Bench Press,chest,922.5,6,5535.0
1144,FULLBODY1,2019-04-21,93.9,good,113.1,33.9,79.9,60.4,131.0,61.6,9.0,1,hypertrophy,Barbell Bench Press,chest,925.0,6,5550.0
1147,FULLBODY1,2019-04-28,94.0,good,112.4,32.4,80.2,61.5,131.2,66.7,8.3,2,hypertrophy,Barbell Bench Press,chest,617.5,9,5557.5
1150,FULLBODY1,2019-05-05,93.9,okay,112.9,32.8,79.3,61.9,130.3,61.7,7.3,3,hypertrophy,Barbell Bench Press,chest,465.0,12,5580.0
1153,FULLBODY1,2019-05-13,94.1,okay,112.2,33.4,80.1,61.9,132.2,63.7,7.9,3,deload,Barbell Bench Press,chest,932.5,6,5595.0
1156,FULLBODY1,2019-05-18,94.3,tired,113.0,33.6,79.9,61.3,131.5,64.5,6.4,3,hypertrophy,Barbell Bench Press,chest,700.0,8,5600.0
1159,FULLBODY1,2019-05-27,94.7,okay,113.6,34.2,80.5,62.7,133.4,63.5,7.7,1,hypertrophy,Barbell Bench Press,chest,702.5,8,5620.0
1162,FULLBODY1,2019-06-01,94.7,okay,114.7,32.7,84.0,61.6,131.9,67.2,7.7,2,hypertrophy,Barbell Bench Press,chest,562.5,10,5625.0
1165,FULLBODY1,2019-06-09,94.8,okay,114.3,34.0,80.7,61.6,135.4,56.2,7.7,5,hypertrophy,Barbell Bench Press,chest,940.0,6,5640.0
1168,FULLBODY1,2019-06-17,94.7,tired,114.0,34.0,79.1,61.7,131.5,60.7,6.3,6,hypertrophy,Barbell Bench Press,chest,942.5,6,5655.0
1171,FULLBODY1,2019-06-24,95.1,good,114.1,33.6,81.7,61.1,132.7,61.6,9.8,1,hypertrophy,Barbell Bench Press,chest,810.0,7,5670.0
1174,FULLBODY1,2019-06-30,95.0,okay,114.8,33.9,80.2,61.3,134.4,66.7,7.9,2,hypertrophy,Barbell Bench Press,chest,710.0,8,5680.0
1177,FULLBODY1,2019-07-08,95.0,tired,113.3,32.6,81.2,61.6,131.3,64.7,6.5,4,deload,Barbell Bench Press,chest,475.0,12,5700.0
1180,FULLBODY1,2019-07-14,95.2,okay,115.4,33.3,80.9,62.6,131.7,66.0,7.1,4,hypertrophy,Barbell Bench Press,chest,715.0,8,5720.0
1183,FULLBODY1,2019-07-20,95.4,okay,114.6,32.6,79.4,63.2,133.1,66.2,7.3,3,hypertrophy,Barbell Bench Press,chest,637.5,9,5737.5
1186,FULLBODY1,2019-07-27,95.1,okay,113.7,33.7,81.2,61.5,132.1,65.8,7.1,3,hypertrophy,Barbell Bench Press,chest,957.5,6,5745.0
1189,FULLBODY1,2019-08-04,94.9,good,112.9,33.6,82.6,60.8,131.1,59.0,8.3,3,hypertrophy,Barbell Bench Press,chest,575.0,10,5750.0
1192,FULLBODY1,2019-08-10,94.9,tired,114.7,33.1,78.3,61.4,131.7,55.5,6.8,4,hypertrophy,Barbell Bench Press,chest,960.0,6,5760.0
1195,FULLBODY1,2019-08-17,94.9,tired,115.2,33.3,79.9,62.0,132.6,57.2,6.9,3,hypertrophy,Barbell Bench Press,chest,577.5,10,5775.0
1198,FULLBODY1,2019-08-24,95.1,good,114.6,33.4,80.8,60.4,134.6,58.9,8.5,2,hypertrophy,Barbell Bench Press,chest,827.5,7,5792.5
1201,FULLBODY1,2019-08-31,94.9,tired,114.0,33.7,80.9,61.4,133.5,58.1,6.1,2,deload,Barbell Bench Press,chest,967.5,6,5805.0
1204,FULLBODY1,2019-09-09,95.2,okay,114.9,33.8,79.3,61.0,136.1,69.6,7.5,2,hypertrophy,Barbell Bench Press,chest,582.5,10,5825.0
1207,FULLBODY1,2019-09-15,95.3,okay,116.0,32.5,82.4,62.6,132.5,62.6,7.3,1,hypertrophy,Barbell Bench Press,chest,972.5,6,5835.0
1210,FULLBODY1,2019-09-21,95.3,tired,115.5,32.9,79.8,61.5,131.7,66.4,6.7,4,hypertrophy,Barbell Bench Press,chest,835.0,7,5845.0
1213,FULLBODY1,2019-09-29,95.1,good,113.4,32.6,80.7,62.3,132.4,60.0,8.2,1,hypertrophy,Barbell Bench Press,chest,975.0,6,5850.0
1216,FULLBODY1,2019-10-06,95.2,okay,114.7,33.3,81.0,60.2,133.1,54.5,7.2,3,hypertrophy,Barbell Bench Press,chest,652.5,9,5872.5
1219,FULLBODY1,2019-10-13,95.2,tired,112.3,32.7,81.5,60.7,133.8,62.8,6.8,5,hypertrophy,Barbell Bench Press,chest,840.0,7,5880.0
1222,FULLBODY1,2019-10-20,95.0,good,114.0,33.3,80.8,62.2,131.8,56.7,8.3,2,hypertrophy,Barbell Bench Press,chest,737.5,8,5900.0
1225,FULLBODY1,2019-10-26,95.1,good,113.2,33.0,80.5,61.6,132.8,62.8,8.5,1,deload,Barbell Bench Press,chest,985.0,6,5910.0
1228,FULLBODY1,2019-11-03,95.6,okay,113.4,32.8,81.2,62.5,131.9,62.4,7.1,5,hypertrophy,Barbell Bench Press,chest,740.0,8,5920.0
1231,FULLBODY1,2019-11-11,95.4,okay,116.5,32.5,81.2,62.3,133.5,57.3,7.3,2,hypertrophy,Barbell Bench Press,chest,660.0,9,5940.0
1234,FULLBODY1,2019-11-17,95.4,tired,116.3,32.9,81.9,62.5,134.4,64.4,6.5,3,hypertrophy,Barbell Bench Press,chest,662.5,9,5962.5
1237,FULLBODY1,2019-11-23,95.3,good,115.1,33.1,81.1,62.4,133.5,61.9,8.2,2,hypertrophy,Barbell Bench Press,chest,597.5,10,5975.0
1240,FULLBODY1,2019-12-01,95.3,okay,113.7,32.3,81.9,63.7,133.0,58.8,7.8,1,hypertrophy,Barbell Bench Press,chest,747.5,8,5980.0
1243,FULLBODY1,2019-12-09,95.3,tired,113.6,33.2,79.1,62.1,133.7,57.2,6.5,4,hypertrophy,Barbell Bench Press,chest,750.0,8,6000.0
1246,FULLBODY1,2019-12-14,95.6,tired,115.8,34.6,81.9,62.5,132.1,57.8,6.1,4,hypertrophy,Barbell Bench Press,chest,857.5,7,6002.5
1249,FULLBODY1,2019-12-21,95.8,okay,115.0,34.1,81.2,63.5,131.1,56.9,7.2,2,deload,Barbell Bench Press,chest,752.5,8,6020.0
1252,FULLBODY1,2019-12-28,95.6,okay,115.0,34.1,82.1,62.0,136.5,61.4,7.2,1,hypertrophy,Barbell Bench Press,chest,1005.0,6,6030.0
1255,FULLBODY1,2020-01-05,95.6,okay,115.8,33.1,79.2,62.3,135.3,55.3,7.9,3,hypertrophy,Barbell Bench Press,chest,862.5,7,6037.5
1258,FULLBODY1,2020-01-12,95.4,okay,116.4,32.9,84.6,62.3,136.1,55.7,7.5,3,hypertrophy,Barbell Bench Press,chest,755.0,8,6040.0
1261,FULLBODY1,2020-01-18,95.5,okay,115.3,33.7,79.1,62.0,133.0,66.7,7.0,2,hypertrophy,Barbell Bench Press,chest,605.0,10,6050.0
1264,FULLBODY1,2020-01-25,95.5,good,114.7,33.4,80.0,62.1,132.8,60.6,8.4,1,hypertrophy,Barbell Bench Press,chest,757.5,8,6060.0
1267,FULLBODY1,2020-02-02,95.6,good,113.5,33.2,81.5,62.0,135.0,61.0,8.3,3,hypertrophy,Barbell Bench Press,chest,607.5,10,6075.0
1270,FULLBODY1,2020-02-09,95.9,okay,114.3,34.6,81.3,63.3,134.4,62.2,7.6,5,hypertrophy,Barbell Bench Press,chest,760.0,8,6080.0
1273,FULLBODY1,2020-02-15,95.7,tired,114.9,34.1,80.2,62.3,134.8,61.2,7.0,4,deload,Barbell Bench Press,chest,1015.0,6,6090.0
1276,FULLBODY1,2020-02-24,95.8,tired,114.8,33.2,79.6,62.8,134.1,61.9,7.0,4,hypertrophy,Barbell Bench Press,chest,872.5,7,6107.5
1279,FULLBODY1,2020-03-01,95.6,good,117.1,34.0,81.6,62.2,134.8,58.8,8.8,1,hypertrophy,Barbell Bench Press,chest,875.0,7,6125.0
1282,FULLBODY1,2020-03-09,95.8,okay,116.0,33.8,80.9,64.8,135.1,56.9,7.9,1,hypertrophy,Barbell Bench Press,chest,1022.5,6,6135.0
1285,FULLBODY1,2020-03-16,95.8,okay,115.4,34.4,80.6,62.4,133.7,62.0,7.4,3,hypertrophy,Barbell Bench Press,chest,560.0,11,6160.0
1288,FULLBODY1,2020-03-23,95.8,okay,115.7,33.3,81.4,61.9,134.7,59.4,7.5,3,hypertrophy,Barbell Bench Press,chest,882.5,7,6177.5
1291,FULLBODY1,2020-03-28,96.0,good,114.1,34.0,81.9,63.2,135.4,60.3,10.0,1,hypertrophy,Barbell Bench Press,chest,1030.0,6,6180.0
1294,FULLBODY1,2020-04-05,96.1,okay,116.4,33.4,82.0,61.2,134.4,58.9,7.9,1,hypertrophy,Barbell Bench Press,chest,620.0,10,6200.0
1297,FULLBODY1,2020-04-13,95.8,good,115.3,33.8,81.7,63.1,134.9,60.2,8.9,2,deload,Barbell Bench Press,chest,777.5,8,6220.0
1300,FULLBODY1,2020-04-20,95.4,good,115.0,33.3,81.1,63.0,135.9,58.7,8.1,4,hypertrophy,Barbell Bench Press,chest,780.0,8,6240.0
1303,FULLBODY1,2020-04-26,95.4,tired,115.4,33.4,80.0,62.4,133.4,56.1,6.2,3,hypertrophy,Barbell Bench Press,chest,892.5,7,6247.5
1306,FULLBODY1,2020-05-04,95.3,okay,112.8,33.7,81.7,61.2,133.4,62.4,7.9,3,hypertrophy,Barbell Bench Press,chest,782.5,8,6260.0
1309,FULLBODY1,2020-05-11,95.2,okay,115.4,33.2,80.5,61.8,132.3,58.9,7.7,1,hypertrophy,Barbell Bench Press,chest,895.0,7,6265.0
1312,FULLBODY1,2020-05-17,95.2,good,115.8,33.0,82.5,61.9,133.6,69.0,9.2,1,hypertrophy,Barbell Bench Press,chest,522.5,12,6270.0
1315,FULLBODY1,2020-05-25,95.4,tired,113.1,33.4,80.4,63.2,130.9,56.8,6.6,6,hypertrophy,Barbell Bench Press,chest,1047.5,6,6285.0
1318,FULLBODY1,2020-05-31,95.5,tired,114.7,32.9,80.2,62.0,133.6,66.6,6.8,3,hypertrophy,Barbell Bench Press,chest,1050.0,6,6300.0
1321,FULLBODY1,2020-06-07,95.3,good,112.8,34.9,80.1,62.2,134.6,72.6,9.3,1,deload,Barbell Bench Press,chest,790.0,8,6320.0
1324,FULLBODY1,2020-06-15,95.3,good,113.8,33.5,79.3,62.3,133.5,65.9,8.6,3,hypertrophy,Barbell Bench Press,chest,632.5,10,6325.0
1327,FULLBODY1,2020-06-21,95.4,tired,113.6,34.0,81.0,61.8,133.7,67.7,6.9,4,hypertrophy,Barbell Bench Press,chest,792.5,8,6340.0
1330,FULLBODY1,2020-06-28,95.7,okay,114.4,32.9,80.9,61.8,132.8,61.5,7.6,3,hypertrophy,Barbell Bench Press,chest,795.0,8,6360.0
1333,FULLBODY1,2020-07-05,95.8,tired,114.5,34.1,80.4,61.8,134.6,59.2,7.0,4,hypertrophy,Barbell Bench Press,chest,580.0,11,6380.0
1336,FULLBODY1,2020-07-13,95.9,tired,116.2,33.4,82.1,62.0,134.4,64.2,6.5,3,hypertrophy,Barbell Bench Press,chest,710.0,9,6390.0
1339,FULLBODY1,2020-07-20,95.5,tired,117.5,33.5,79.7,64.0,133.2,63.2,6.9,4,hypertrophy,Barbell Bench Press,chest,800.0,8,6400.0
1342,FULLBODY1,2020-07-26,96.1,good,112.5,34.7,78.3,64.1,134.4,50.6,8.2,3,hypertrophy,Barbell Bench Press,chest,802.5,8,6420.0
1345,FULLBODY1,2020-08-03,96.1,okay,113.8,33.0,81.4,62.6,133.9,65.7,7.9,3,deload,Barbell Bench Press,chest,917.5,7,6422.5
1348,FULLBODY1,2020-08-10,96.4,tired,116.6,33.0,82.4,63.9,135.0,63.1,6.4,3,hypertrophy,Barbell Bench Press,chest,585.0,11,6435.0
1351,FULLBODY1,2020-08-15,96.4,good,116.0,34.6,81.6,63.0,136.1,65.3,8.6,1,hypertrophy,Barbell Bench Press,chest,537.5,12,6450.0
1354,FULLBODY1,2020-08-24,96.2,tired,114.8,33.7,80.9,62.8,136.6,61.6,6.7,4,hypertrophy,Barbell Bench Press,chest,647.5,10,6475.0
1357,FULLBODY1,2020-08-29,96.4,okay,116.3,34.0,79.4,62.5,135.1,57.7,7.8,3,hypertrophy,Barbell Bench Press,chest,720.0,9,6480.0
1360,FULLBODY1,2020-09-07,96.5,tired,112.4,33.5,82.7,62.0,134.6,64.9,6.9,4,hypertrophy,Barbell Bench Press,chest,542.5,12,6510.0
1363,FULLBODY1,2020-09-12,96.4,tired,116.6,33.1,81.3,62.8,134.5,65.5,6.5,4,hypertrophy,Barbell Bench Press,chest,1087.5,6,6525.0
1366,FULLBODY1,2020-09-19,96.5,okay,116.4,34.1,81.4,62.4,134.5,64.9,7.9,2,hypertrophy,Barbell Bench Press,chest,1090.0,6,6540.0
1369,FULLBODY1,2020-09-28,96.4,tired,116.9,34.7,79.9,61.4,134.3,66.6,6.9,4,deload,Barbell Bench Press,chest,655.0,10,6550.0
1372,FULLBODY1,2020-10-03,96.6,okay,116.4,33.6,81.6,63.3,135.4,56.4,7.5,1,hypertrophy,Barbell Bench Press,chest,730.0,9,6570.0
1375,FULLBODY1,2020-10-10,96.6,okay,115.8,33.5,79.9,62.2,136.4,62.3,7.1,2,hypertrophy,Barbell Bench Press,chest,732.5,9,6592.5
1378,FULLBODY1,2020-10-18,96.6,tired,117.0,34.6,81.9,63.9,136.0,61.1,6.6,4,hypertrophy,Barbell Bench Press,chest,825.0,8,6600.0
1381,FULLBODY1,2020-10-25,96.7,good,117.0,34.0,81.7,61.4,135.7,60.4,8.0,4,hypertrophy,Barbell Bench Press,chest,602.5,11,6627.5
1384,FULLBODY1,2020-11-01,96.6,okay,116.0,34.5,80.7,62.2,135.6,66.4,7.1,2,hypertrophy,Barbell Bench Press,chest,665.0,10,6650.0
1387,FULLBODY1,2020-11-09,96.6,good,115.4,34.5,83.4,62.9,134.8,62.5,8.7,1,hypertrophy,Barbell Bench Press,chest,1110.0,6,6660.0
1390,FULLBODY1,2020-11-16,96.7,tired,118.4,33.9,82.1,62.4,136.7,74.0,7.0,5,hypertrophy,Barbell Bench Press,chest,1112.5,6,6675.0
1393,FULLBODY1,2020-11-21,96.7,okay,115.0,33.9,83.0,63.4,136.0,55.0,7.8,2,deload,Barbell Bench Press,chest,835.0,8,6680.0
1396,FULLBODY1,2020-11-29,96.5,good,118.7,34.1,82.0,64.1,135.2,55.8,8.9,1,hypertrophy,Barbell Bench Press,chest,955.0,7,6685.0
1399,FULLBODY1,2020-12-07,96.8,tired,117.1,33.7,80.8,63.2,137.3,64.6,6.8,5,hypertrophy,Barbell Bench Press,chest,745.0,9,6705.0
1402,FULLBODY1,2020-12-14,96.9,good,116.2,34.3,80.7,64.2,136.0,67.9,9.5,1,hypertrophy,Barbell Bench Press,chest,610.0,11,6710.0
1405,FULLBODY1,2020-12-19,97.0,good,115.3,33.8,82.6,62.4,134.1,66.1,8.4,3,hypertrophy,Barbell Bench Press,chest,1120.0,6,6720.0
1408,FULLBODY1,2020-12-28,97.2,okay,117.9,32.9,83.3,63.5,133.2,67.1,7.3,2,hypertrophy,Barbell Bench Press,chest,1122.5,6,6735.0
1411,FULLBODY1,2021-01-04,97.4,tired,115.7,34.8,82.7,63.9,133.6,63.1,6.3,3,hypertrophy,Barbell Bench Press,chest,562.5,12,6750.0
1414,FULLBODY1,2021-01-10,97.3,tired,117.3,34.8,84.0,63.9,134.0,59.5,6.7,4,hypertrophy,Barbell Bench Press,chest,965.0,7,6755.0
1417,FULLBODY1,2021-01-16,97.6,okay,117.6,34.5,83.1,62.4,135.8,68.1,7.5,2,deload,Barbell Bench Press,chest,967.5,7,6772.5
1420,FULLBODY1,2021-01-23,97.7,tired,117.2,34.0,82.4,64.9,137.1,57.2,6.9,1,hypertrophy,Barbell Bench Press,chest,1130.0,6,6780.0
1423,FULLBODY1,2021-02-01,97.8,tired,117.4,34.8,84.1,62.8,137.2,52.0,6.9,3,hypertrophy,Barbell Bench Press,chest,970.0,7,6790.0
1426,FULLBODY1,2021-02-06,98.0,good,117.1,35.1,81.8,64.3,136.8,67.7,8.4,4,hypertrophy,Barbell Bench Press,chest,850.0,8,6800.0
1429,FULLBODY1,2021-02-14,98.0,okay,117.6,33.4,85.0,64.6,138.2,68.7,7.6,3,hypertrophy,Barbell Bench Press,chest,972.5,7,6807.5
1432,FULLBODY1,2021-02-21,98.1,okay,117.6,34.8,85.2,63.9,136.9,59.5,7.3,4,hypertrophy,Barbell Bench Press,chest,1135.0,6,6810.0
1435,FULLBODY1,2021-02-27,98.4,okay,116.4,33.3,84.7,61.9,138.9,67.9,7.5,1,hypertrophy,Barbell Bench Press,chest,682.5,10,6825.0
1438,FULLBODY1,2021-03-08,98.9,okay,117.4,34.5,84.9,65.4,136.9,57.5,8.0,1,hypertrophy,Barbell Bench Press,chest,570.0,12,6840.0
1441,FULLBODY1,2021-03-14,98.9,okay,120.3,35.1,82.0,64.2,138.0,62.5,7.2,1,deload,Barbell Bench Press,chest,857.5,8,6860.0
1444,FULLBODY1,2021-03-20,99.2,good,119.7,34.6,84.8,63.0,140.0,62.6,8.1,2,hypertrophy,Barbell Bench Press,chest,982.5,7,6877.5
1447,FULLBODY1,2021-03-29,99.2,okay,118.5,33.8,84.9,64.1,139.2,68.3,7.8,2,hypertrophy,Barbell Bench Press,chest,1147.5,6,6885.0
1450,FULLBODY1,2021-04-05,99.1,okay,120.2,35.2,84.3,63.7,137.2,64.3,7.1,1,hypertrophy,Barbell Bench Press,chest,690.0,10,6900.0
1453,FULLBODY1,2021-04-11,99.1,good,119.7,34.5,84.7,63.5,137.0,68.2,8.1,1,hypertrophy,Barbell Bench Press,chest,692.5,10,6925.0
1456,FULLBODY1,2021-04-19,99.3,good,117.4,35.3,84.3,64.8,136.4,63.6,9.1,1,hypertrophy,Barbell Bench Press,chest,770.0,9,6930.0
1459,FULLBODY1,2021-04-24,99.4,tired,120.2,34.2,82.6,64.9,139.0,65.8,7.0,4,hypertrophy,Barbell Bench Press,chest,632.5,11,6957.5
1462,FULLBODY1,2021-05-03,99.5,tired,120.1,34.7,85.8,65.0,143.1,55.5,6.2,4,hypertrophy,Barbell Bench Press,chest,635.0,11,6985.0
1465,FULLBODY1,2021-05-08,99.6,okay,120.3,34.5,85.3,65.0,138.2,60.2,7.5,3,deload,Barbell Bench Press,chest,875.0,8,7000.0
1468,FULLBODY1,2021-05-15,99.5,tired,119.1,34.8,82.9,66.0,139.9,60.6,5.9,4,hypertrophy,Barbell Bench Press,chest,1002.5,7,7017.5
1471,FULLBODY1,2021-05-22,99.7,good,119.2,34.3,83.9,65.3,141.4,61.8,8.5,1,hypertrophy,Barbell Bench Press,chest,1170.0,6,7020.0
1474,FULLBODY1,2021-05-29,99.8,okay,119.1,35.0,86.3,65.0,140.9,60.8,7.5,3,hypertrophy,Barbell Bench Press,chest,1172.5,6,7035.0
1477,FULLBODY1,2021-06-05,99.7,tired,119.6,34.9,86.7,64.5,139.2,62.1,6.8,3,hypertrophy,Barbell Bench Press,chest,1007.5,7,7052.5
1480,FULLBODY1,2021-06-12,99.8,tired,118.7,34.9,85.2,66.2,139.1,64.7,6.0,3,hypertrophy,Barbell Bench Press,chest,882.5,8,7060.0
1483,FULLBODY1,2021-06-19,99.9,good,121.3,34.2,84.9,65.0,139.2,58.1,8.6,1,hypertrophy,Barbell Bench Press,chest,885.0,8,7080.0
1486,FULLBODY1,2021-06-27,100.2,good,118.3,35.9,85.6,64.9,141.1,65.3,9.0,1,hypertrophy,Barbell Bench Press,chest,1182.5,6,7095.0
1489,FULLBODY1,2021-07-05,100.2,okay,123.1,35.5,84.7,64.0,137.5,66.9,7.2,4,deload,Barbell Bench Press,chest,1185.0,6,7110.0
1492,FULLBODY1,2021-07-11,100.0,okay,121.4,34.9,85.1,65.1,139.6,60.5,7.6,2,hypertrophy,Barbell Bench Press,chest,1017.5,7,7122.5
1495,FULLBODY1,2021-07-17,99.8,good,119.9,34.1,84.4,65.1,140.5,63.4,8.4,1,hypertrophy,Barbell Bench Press,chest,892.5,8,7140.0
1498,FULLBODY1,2021-07-24,100.3,okay,122.5,35.8,85.3,65.3,140.7,61.7,7.0,6,hypertrophy,Barbell Bench Press,chest,895.0,8,7160.0
1501,FULLBODY1,2021-08-01,100.0,good,119.1,35.0,84.3,64.8,138.9,63.2,9.7,1,hypertrophy,Barbell Bench Press,chest,1025.0,7,7175.0
1504,FULLBODY1,2021-08-07,100.3,okay,120.2,35.9,86.0,65.3,141.7,69.8,7.9,3,hypertrophy,Barbell Bench Press,chest,897.5,8,7180.0
1507,FULLBODY1,2021-08-15,100.1,okay,118.4,34.6,86.6,64.1,140.6,65.8,7.6,5,hypertrophy,Barbell Bench Press,chest,655.0,11,7205.0
1510,FULLBODY1,2021-08-22,100.3,okay,120.0,36.3,84.6,64.2,140.7,63.5,7.0,2,hypertrophy,Barbell Bench Press,chest,902.5,8,7220.0
1513,FULLBODY1,2021-08-30,100.3,good,121.9,35.1,86.9,65.0,140.6,67.0,8.4,1,deload,Barbell Bench Press,chest,905.0,8,7240.0
1516,FULLBODY1,2021-09-04,100.3,okay,122.2,35.3,84.8,65.5,139.0,65.1,7.8,3,hypertrophy,Barbell Bench Press,chest,805.0,9,7245.0
1519,FULLBODY1,2021-09-11,100.5,okay,119.7,34.3,84.1,65.0,140.9,57.5,7.3,1,hypertrophy,Barbell Bench Press,chest,807.5,9,7267.5
1522,FULLBODY1,2021-09-18,100.6,okay,121.3,36.0,84.6,66.2,140.0,60.7,7.6,3,hypertrophy,Barbell Bench Press,chest,1040.0,7,7280.0
1525,FULLBODY1,2021-09-25,100.6,okay,120.5,34.4,85.2,66.0,142.3,55.8,7.3,4,hypertrophy,Barbell Bench Press,chest,810.0,9,7290.0
1528,FULLBODY1,2021-10-02,100.6,good,122.3,36.2,84.9,64.7,140.7,61.8,8.8,1,hypertrophy,Barbell Bench Press,chest,730.0,10,7300.0
1531,FULLBODY1,2021-10-09,100.4,tired,119.9,35.8,85.4,64.8,141.0,71.4,5.4,5,hypertrophy,Barbell Bench Press,chest,1217.5,6,7305.0
1534,FULLBODY1,2021-10-16,100.5,okay,120.9,34.8,86.3,65.3,139.2,59.4,7.1,3,hypertrophy,Barbell Bench Press,chest,915.0,8,7320.0
1537,FULLBODY1,2021-10-25,100.3,good,118.9,35.3,86.5,66.5,139.5,60.3,8.7,1,deload,Barbell Bench Press,chest,917.5,8,7340.0
1540,FULLBODY1,2021-10-31,100.1,good,121.1,36.0,87.3,64.5,138.9,69.1,8.0,1,hypertrophy,Barbell Bench Press,chest,817.5,9,7357.5
1543,FULLBODY1,2021-11-06,100.1,okay,120.4,35.2,83.8,64.2,140.8,68.1,8.0,1,hypertrophy,Barbell Bench Press,chest,1052.5,7,7367.5
1546,FULLBODY1,2021-11-15,100.0,okay,120.3,34.3,84.7,65.0,142.2,60.3,7.4,3,hypertrophy,Barbell Bench Press,chest,737.5,10,7375.0
1549,FULLBODY1,2021-11-22,100.1,okay,119.7,35.1,86.8,64.5,141.4,61.9,7.1,4,hypertrophy,Barbell Bench Press,chest,1230.0,6,7380.0
1552,FULLBODY1,2021-11-28,100.2,good,119.2,35.2,84.7,65.0,138.7,63.7,8.3,2,hypertrophy,Barbell Bench Press,chest,822.5,9,7402.5
1555,FULLBODY1,2021-12-06,100.2,tired,121.7,36.3,83.7,66.6,141.3,62.4,6.1,4,hypertrophy,Barbell Bench Press,chest,927.5,8,7420.0
1558,FULLBODY1,2021-12-13,100.3,tired,121.4,34.3,85.3,64.5,139.5,67.7,6.7,2,hypertrophy,Barbell Bench Press,chest,1237.5,6,7425.0
1561,FULLBODY1,2021-12-18,100.2,okay,119.5,34.4,85.8,64.9,139.0,71.4,7.2,1,deload,Barbell Bench Press,chest,677.5,11,7452.5
1564,FULLBODY1,2021-12-25,99.9,tired,120.8,34.8,85.9,65.4,138.6,66.2,6.8,4,hypertrophy,Barbell Bench Press,chest,1065.0,7,7455.0
1567,FULLBODY1,2022-01-02,100.0,okay,117.5,35.0,85.4,64.6,140.0,61.3,7.8,1,hypertrophy,Barbell Bench Press,chest,1067.5,7,7472.5
1570,FULLBODY1,2022-01-09,100.0,good,119.6,35.3,85.6,65.2,138.8,58.8,8.5,1,hypertrophy,Barbell Bench Press,chest,1070.0,7,7490.0
1573,FULLBODY1,2022-01-16,100.0,okay,119.6,35.3,85.2,64.5,138.7,61.6,7.5,1,hypertrophy,Barbell Bench Press,chest,1072.5,7,7507.5
1576,FULLBODY1,2022-01-23,100.2,good,120.1,34.6,84.6,65.0,142.0,64.7,9.0,1,hypertrophy,Barbell Bench Press,chest,1252.5,6,7515.0
1579,FULLBODY1,2022-01-29,100.5,tired,117.4,34.5,84.6,66.8,141.1,58.4,6.8,4,hypertrophy,Barbell Bench Press,chest,940.0,8,7520.0
1582,FULLBODY1,2022-02-05,100.5,good,121.8,34.9,85.4,66.2,141.4,53.6,8.6,2,hypertrophy,Barbell Bench Press,chest,837.5,9,7537.5
1585,FULLBODY1,2022-02-13,100.5,okay,119.8,36.0,85.1,64.6,141.5,57.6,7.5,3,deload,Barbell Bench Press,chest,687.5,11,7562.5
1588,FULLBODY1,2022-02-21,100.4,tired,121.3,34.3,86.1,65.7,139.5,64.6,6.1,4,hypertrophy,Barbell Bench Press,chest,1082.5,7,7577.5
1591,FULLBODY1,2022-02-27,100.1,good,120.1,34.9,84.3,65.5,138.9,65.5,8.2,4,hypertrophy,Barbell Bench Press,chest,1265.0,6,7590.0
1594,FULLBODY1,2022-03-05,100.6,good,121.5,34.6,85.7,63.5,140.4,54.5,8.1,2,hypertrophy,Barbell Bench Press,chest,1267.5,6,7605.0
1597,FULLBODY1,2022-03-14,100.6,okay,119.2,34.9,84.2,65.4,141.4,68.8,7.4,4,hypertrophy,Barbell Bench Press,chest,635.0,12,7620.0
1600,FULLBODY1,2022-03-20,100.5,tired,120.7,35.4,84.6,65.3,142.5,63.9,6.3,4,hypertrophy,Barbell Bench Press,chest,637.5,12,7650.0
1603,FULLBODY1,2022-03-27,100.6,tired,121.3,34.7,85.5,64.8,138.7,59.2,6.8,2,hypertrophy,Barbell Bench Press,chest,767.5,10,7675.0
1606,FULLBODY1,2022-04-02,100.8,okay,120.4,34.2,85.9,64.8,141.4,74.9,7.3,4,hypertrophy,Barbell Bench Press,chest,855.0,9,7695.0
1609,FULLBODY1,2022-04-10,100.8,good,120.3,35.7,88.1,65.0,143.0,55.4,8.6,2,deload,Barbell Bench Press,chest,700.0,11,7700.0
1612,FULLBODY1,2022-04-18,100.9,okay,119.4,35.1,84.9,64.8,142.6,70.9,8.0,2,hypertrophy,Barbell Bench Press,chest,1285.0,6,7710.0
1615,FULLBODY1,2022-04-25,101.1,okay,121.1,35.7,86.7,66.2,143.0,61.7,7.3,3,hypertrophy,Barbell Bench Press,chest,1102.5,7,7717.5
1618,FULLBODY1,2022-04-30,101.3,okay,122.2,35.1,85.4,66.6,140.3,60.5,7.7,2,hypertrophy,Barbell Bench Press,chest,860.0,9,7740.0
1621,FULLBODY1,2022-05-09,101.5,good,122.1,35.1,86.4,66.9,141.3,60.5,8.1,3,hypertrophy,Barbell Bench Press,chest,970.0,8,7760.0
1624,FULLBODY1,2022-05-15,101.5,good,121.9,36.0,86.6,65.7,140.9,64.0,8.5,1,hypertrophy,Barbell Bench Press,chest,1295.0,6,7770.0
1627,FULLBODY1,2022-05-23,101.5,tired,122.2,35.5,86.4,65.3,143.5,51.2,6.5,3,hypertrophy,Barbell Bench Press,chest,1297.5,6,7785.0
1630,FULLBODY1,2022-05-30,102.0,okay,122.8,35.7,86.5,66.5,141.9,65.8,7.4,3,hypertrophy,Barbell Bench Press,chest,867.5,9,7807.5
1633,FULLBODY1,2022-06-06,102.2,tired,121.8,36.1,88.2,66.9,141.8,63.9,6.1,6,deload,Barbell Bench Press,chest,870.0,9,7830.0
1636,FULLBODY1,2022-06-13,102.5,okay,121.7,36.2,86.3,67.3,144.6,70.1,7.5,3,hypertrophy,Barbell Bench Press,chest,872.5,9,7852.5
1639,FULLBODY1,2022-06-18,102.6,good,124.9,35.6,87.2,66.1,143.5,56.2,8.4,3,hypertrophy,Barbell Bench Press,chest,787.5,10,7875.0
1642,FULLBODY1,2022-06-27,102.9,okay,123.9,36.3,86.5,66.3,142.7,61.7,7.7,2,hypertrophy,Barbell Bench Press,chest,1315.0,6,7890.0
1645,FULLBODY1,2022-07-03,103.2,okay,126.3,36.3,88.7,66.6,143.5,60.7,7.4,4,hypertrophy,Barbell Bench Press,chest,987.5,8,7900.0
1648,FULLBODY1,2022-07-11,103.4,okay,124.0,36.0,87.0,66.2,144.0,64.7,7.6,2,hypertrophy,Barbell Bench Press,chest,792.5,10,7925.0
1651,FULLBODY1,2022-07-17,103.4,okay,126.0,36.1,87.4,66.7,145.0,71.6,7.9,3,hypertrophy,Barbell Bench Press,chest,992.5,8,7940.0
1654,FULLBODY1,2022-07-25,103.4,okay,123.5,35.9,88.0,66.1,145.9,59.4,7.5,3,hypertrophy,Barbell Bench Press,chest,1135.0,7,7945.0
1657,FULLBODY1,2022-08-01,103.8,okay,124.1,35.8,89.4,66.9,146.1,56.6,7.2,3,deload,Barbell Bench Press,chest,795.0,10,7950.0
1660,FULLBODY1,2022-08-07,103.8,okay,124.3,36.6,88.5,67.3,145.0,63.9,7.3,3,hypertrophy,Barbell Bench Press,chest,797.5,10,7975.0
1663,FULLBODY1,2022-08-15,104.0,okay,124.3,36.3,89.7,66.5,145.3,65.0,7.4,3,hypertrophy,Barbell Bench Press,chest,1140.0,7,7980.0
1666,FULLBODY1,2022-08-22,104.0,good,125.6,35.5,89.2,67.9,145.4,60.9,8.9,1,hypertrophy,Barbell Bench Press,chest,1142.5,7,7997.5
1669,FULLBODY1,2022-08-29,104.3,tired,124.9,36.6,89.2,67.7,144.8,54.7,6.5,4,hypertrophy,Barbell Bench Press,chest,1145.0,7,8015.0
1672,FULLBODY1,2022-09-04,104.4,tired,124.2,36.9,88.2,67.5,145.0,60.4,7.0,2,hypertrophy,Barbell Bench Press,chest,1337.5,6,8025.0
1675,FULLBODY1,2022-09-12,104.3,tired,125.8,36.5,88.2,68.1,146.2,56.0,6.7,4,hypertrophy,Barbell Bench Press,chest,1340.0,6,8040.0
1678,FULLBODY1,2022-09-19,104.3,good,126.2,37.4,88.4,68.1,143.8,59.3,8.3,1,hypertrophy,Barbell Bench Press,chest,895.0,9,8055.0
1681,FULLBODY1,2022-09-25,104.4,tired,127.5,36.0,89.9,68.0,145.2,60.5,6.7,4,deload,Barbell Bench Press,chest,1345.0,6,8070.0
1684,FULLBODY1,2022-10-01,104.5,tired,125.0,37.3,89.5,67.3,147.4,52.3,5.4,6,hypertrophy,Barbell Bench Press,chest,807.5,10,8075.0
1687,FULLBODY1,2022-10-08,104.8,tired,124.4,36.9,88.4,66.7,147.0,56.4,6.1,2,hypertrophy,Barbell Bench Press,chest,1347.5,6,8085.0
1690,FULLBODY1,2022-10-15,104.8,okay,124.3,36.5,90.5,68.2,145.5,62.8,7.5,1,hypertrophy,Barbell Bench Press,chest,810.0,10,8100.0
1693,FULLBODY1,2022-10-22,105.0,good,126.4,36.8,89.0,69.0,145.8,55.4,8.6,1,hypertrophy,Barbell Bench Press,chest,1015.0,8,8120.0
1696,FULLBODY1,2022-10-31,104.8,okay,126.4,36.3,90.5,68.6,146.3,60.1,7.6,2,hypertrophy,Barbell Bench Press,chest,902.5,9,8122.5
1699,FULLBODY1,2022-11-07,104.9,good,125.5,36.5,89.2,68.7,146.9,62.2,8.5,2,hypertrophy,Barbell Bench Press,chest,812.5,10,8125.0
1702,FULLBODY1,2022-11-14,104.6,tired,124.1,36.9,88.4,68.2,145.5,64.0,6.8,3,hypertrophy,Barbell Bench Press,chest,1355.0,6,8130.0
1705,FULLBODY1,2022-11-20,104.5,okay,125.5,37.2,89.8,68.5,145.7,59.9,7.2,3,deload,Barbell Bench Press,chest,740.0,11,8140.0
1708,FULLBODY1,2022-11-27,104.5,okay,126.4,37.1,90.3,69.1,146.1,69.0,7.6,3,hypertrophy,Barbell Bench Press,chest,742.5,11,8167.5
1711,FULLBODY1,2022-12-04,104.7,tired,125.5,36.5,87.4,68.5,148.6,64.7,5.8,5,hypertrophy,Barbell Bench Press,chest,1362.5,6,8175.0
1714,FULLBODY1,2022-12-11,104.5,good,125.7,35.1,89.2,66.6,145.3,61.9,8.4,3,hypertrophy,Barbell Bench Press,chest,1170.0,7,8190.0
1717,FULLBODY1,2022-12-17,104.5,tired,125.3,36.0,89.4,67.3,146.1,55.2,6.6,3,hypertrophy,Barbell Bench Press,chest,820.0,10,8200.0
1720,FULLBODY1,2022-12-25,104.7,good,126.0,36.5,88.3,70.6,146.1,59.2,8.1,3,hypertrophy,Barbell Bench Press,chest,1172.5,7,8207.5
1723,FULLBODY1,2022-12-31,104.7,tired,126.6,36.3,88.0,70.2,145.1,60.1,6.4,4,hypertrophy,Barbell Bench Press,chest,1027.5,8,8220.0
1726,FULLBODY1,2023-01-08,104.5,tired,124.9,36.1,86.7,66.6,146.9,62.3,6.3,2,hypertrophy,Barbell Bench Press,chest,915.0,9,8235.0
1729,FULLBODY1,2023-01-14,104.8,good,126.6,36.8,88.9,69.8,145.7,66.3,9.1,1,deload,Barbell Bench Press,chest,1375.0,6,8250.0
1732,FULLBODY1,2023-01-21,104.7,okay,123.9,36.2,88.3,70.3,145.7,59.3,7.1,3,hypertrophy,Barbell Bench Press,chest,752.5,11,8277.5
1735,FULLBODY1,2023-01-30,104.8,okay,128.2,36.4,89.3,67.9,150.3,59.5,7.7,1,hypertrophy,Barbell Bench Press,chest,1035.0,8,8280.0
1738,FULLBODY1,2023-02-06,104.9,good,125.0,37.1,90.4,67.9,145.9,58.7,8.6,2,hypertrophy,Barbell Bench Press,chest,1037.5,8,8300.0
1741,FULLBODY1,2023-02-13,105.0,tired,127.5,37.2,90.8,67.0,148.3,58.9,6.5,5,hypertrophy,Barbell Bench Press,chest,1040.0,8,8320.0
1744,FULLBODY1,2023-02-19,105.0,good,126.3,37.3,89.3,67.9,147.1,67.0,8.4,1,hypertrophy,Barbell Bench Press,chest,1190.0,7,8330.0
1747,FULLBODY1,2023-02-26,105.1,tired,125.0,36.7,88.8,68.6,147.6,60.4,6.3,5,hypertrophy,Barbell Bench Press,chest,835.0,10,8350.0
1750,FULLBODY1,2023-03-05,105.3,tired,125.2,37.0,88.1,67.3,147.8,66.4,6.6,3,hypertrophy,Barbell Bench Press,chest,1195.0,7,8365.0
1753,FULLBODY1,2023-03-13,105.6,good,125.5,36.9,90.3,68.9,148.3,64.1,8.9,2,deload,Barbell Bench Press,chest,1047.5,8,8380.0
1756,FULLBODY1,2023-03-19,105.7,good,126.6,37.7,89.7,68.7,146.6,66.0,8.4,3,hypertrophy,Barbell Bench Press,chest,1397.5,6,8385.0
1759,FULLBODY1,2023-03-27,105.9,good,127.7,37.6,88.4,68.7,148.3,58.4,8.0,2,hypertrophy,Barbell Bench Press,chest,762.5,11,8387.5
1762,FULLBODY1,2023-04-02,105.9,good,126.4,37.6,90.0,68.2,148.4,60.7,8.4,1,hypertrophy,Barbell Bench Press,chest,1400.0,6,8400.0
1765,FULLBODY1,2023-04-10,106.0,good,129.4,38.1,89.6,69.5,147.0,64.3,8.3,2,hypertrophy,Barbell Bench Press,chest,935.0,9,8415.0
1768,FULLBODY1,2023-04-16,106.1,okay,128.7,36.8,90.8,69.0,149.6,60.3,7.1,1,hypertrophy,Barbell Bench Press,chest,937.5,9,8437.5
1771,FULLBODY1,2023-04-24,106.0,good,125.9,35.9,90.2,68.3,148.7,61.0,9.0,3,hypertrophy,Barbell Bench Press,chest,1407.5,6,8445.0
1774,FULLBODY1,2023-04-30,106.3,tired,126.8,36.7,90.2,68.8,147.9,60.3,5.5,4,hypertrophy,Barbell Bench Press,chest,940.0,9,8460.0
1777,FULLBODY1,2023-05-08,106.7,tired,128.5,37.5,90.3,69.2,150.7,64.2,6.8,5,deload,Barbell Bench Press,chest,1060.0,8,8480.0
1780,FULLBODY1,2023-05-14,106.7,good,128.5,38.0,91.4,68.4,148.3,59.9,9.0,3,hypertrophy,Barbell Bench Press,chest,850.0,10,8500.0
1783,FULLBODY1,2023-05-21,106.7,good,129.1,38.1,90.0,69.3,149.6,49.6,8.1,3,hypertrophy,Barbell Bench Press,chest,710.0,12,8520.0
1786,FULLBODY1,2023-05-27,106.6,okay,127.5,37.5,91.0,67.9,148.4,64.3,7.7,4,hypertrophy,Barbell Bench Press,chest,712.5,12,8550.0
1789,FULLBODY1,2023-06-04,106.9,good,128.6,36.4,91.7,68.0,150.6,63.4,8.1,2,hypertrophy,Barbell Bench Press,chest,1070.0,8,8560.0
1792,FULLBODY1,2023-06-11,107.3,good,129.9,37.2,92.5,67.5,151.1,61.3,8.9,1,hypertrophy,Barbell Bench Press,chest,857.5,10,8575.0
1795,FULLBODY1,2023-06-19,107.3,good,128.5,37.4,91.2,69.0,147.5,65.1,8.5,1,hypertrophy,Barbell Bench Press,chest,1430.0,6,8580.0
1798,FULLBODY1,2023-06-25,107.3,okay,129.5,37.8,91.3,69.3,151.5,67.1,7.5,2,hypertrophy,Barbell Bench Press,chest,1432.5,6,8595.0
1801,FULLBODY1,2023-07-01,107.3,tired,130.6,38.0,90.6,69.2,149.2,64.8,6.5,3,deload,Barbell Bench Press,chest,860.0,10,8600.0
1804,FULLBODY1,2023-07-09,107.7,tired,128.0,37.7,91.9,69.7,151.5,51.3,6.8,5,hypertrophy,Barbell Bench Press,chest,957.5,9,8617.5
1807,FULLBODY1,2023-07-16,107.6,tired,129.4,37.5,92.3,70.1,149.8,60.4,7.0,2,hypertrophy,Barbell Bench Press,chest,1232.5,7,8627.5
1810,FULLBODY1,2023-07-24,107.6,okay,131.6,37.9,91.3,69.4,152.6,68.8,8.0,2,hypertrophy,Barbell Bench Press,chest,1235.0,7,8645.0
1813,FULLBODY1,2023-07-29,107.5,tired,128.8,36.6,92.5,70.1,149.0,58.6,7.0,3,hypertrophy,Barbell Bench Press,chest,1442.5,6,8655.0
1816,FULLBODY1,2023-08-06,107.6,tired,129.2,37.7,91.9,69.7,150.3,66.4,6.6,3,hypertrophy,Barbell Bench Press,chest,962.5,9,8662.5
1819,FULLBODY1,2023-08-12,107.5,good,126.5,37.1,90.2,69.6,149.3,63.7,8.2,3,hypertrophy,Barbell Bench Press,chest,790.0,11,8690.0
1822,FULLBODY1,2023-08-19,107.6,tired,127.2,37.5,92.7,70.4,150.5,61.0,6.4,5,hypertrophy,Barbell Bench Press,chest,967.5,9,8707.5
1825,FULLBODY1,2023-08-26,107.7,tired,129.8,37.4,92.4,69.9,151.4,67.1,6.8,4,deload,Barbell Bench Press,chest,1452.5,6,8715.0
1828,FULLBODY1,2023-09-03,107.6,okay,128.1,37.7,91.1,70.9,150.8,66.6,7.5,3,hypertrophy,Barbell Bench Press,chest,872.5,10,8725.0
1831,FULLBODY1,2023-09-09,107.7,tired,129.1,37.2,91.5,69.7,148.9,59.3,6.4,3,hypertrophy,Barbell Bench Press,chest,1092.5,8,8740.0
1834,FULLBODY1,2023-09-17,107.6,tired,129.1,37.5,92.4,68.8,149.6,66.7,6.5,2,hypertrophy,Barbell Bench Press,chest,1250.0,7,8750.0
1837,FULLBODY1,2023-09-24,107.9,okay,128.9,38.3,93.1,70.0,150.2,62.4,7.8,3,hypertrophy,Barbell Bench Press,chest,1460.0,6,8760.0
1840,FULLBODY1,2023-10-01,108.0,okay,129.1,37.1,91.1,69.6,149.8,57.9,7.1,3,hypertrophy,Barbell Bench Press,chest,1097.5,8,8780.0
1843,FULLBODY1,2023-10-07,108.2,good,130.4,37.1,92.9,70.5,150.6,62.9,8.0,2,hypertrophy,Barbell Bench Press,chest,1100.0,8,8800.0
1846,FULLBODY1,2023-10-14,108.5,okay,130.0,37.6,94.0,70.1,152.5,60.5,7.2,2,hypertrophy,Barbell Bench Press,chest,882.5,10,8825.0
1849,FULLBODY1,2023-10-21,108.5,tired,129.5,37.7,93.9,70.2,154.3,60.8,6.8,4,deload,Barbell Bench Press,chest,1472.5,6,8835.0
1852,FULLBODY1,2023-10-29,108.4,okay,127.7,38.1,91.7,69.7,153.0,70.7,7.8,4,hypertrophy,Barbell Bench Press,chest,982.5,9,8842.5
1855,FULLBODY1,2023-11-04,108.5,okay,129.1,37.6,91.2,71.7,152.0,65.8,7.7,1,hypertrophy,Barbell Bench Press,chest,985.0,9,8865.0
1858,FULLBODY1,2023-11-11,108.5,okay,129.8,37.1,92.8,72.1,153.3,69.3,7.4,3,hypertrophy,Barbell Bench Press,chest,807.5,11,8882.5
1861,FULLBODY1,2023-11-20,108.4,good,130.2,37.8,91.8,70.4,152.4,60.5,8.1,1,hypertrophy,Barbell Bench Press,chest,987.5,9,8887.5
1864,FULLBODY1,2023-11-26,108.5,good,127.9,38.3,90.4,70.2,152.8,58.4,9.1,2,hypertrophy,Barbell Bench Press,chest,990.0,9,8910.0
1867,FULLBODY1,2023-12-04,108.4,good,131.0,37.4,94.9,69.7,151.1,61.8,8.2,1,hypertrophy,Barbell Bench Press,chest,1487.5,6,8925.0
1870,FULLBODY1,2023-12-09,108.5,okay,130.1,37.2,92.5,71.4,154.0,64.8,7.7,2,hypertrophy,Barbell Bench Press,chest,895.0,10,8950.0
1873,FULLBODY1,2023-12-18,108.5,okay,131.4,36.7,92.3,69.0,150.9,68.4,7.4,2,deload,Barbell Bench Press,chest,1280.0,7,8960.0
1876,FULLBODY1,2023-12-23,108.6,tired,131.6,37.2,92.1,70.8,152.4,58.6,6.6,4,hypertrophy,Barbell Bench Press,chest,1122.5,8,8980.0
1879,FULLBODY1,2023-12-30,108.8,good,130.7,37.5,93.0,70.8,152.8,61.9,9.1,1,hypertrophy,Barbell Bench Press,chest,1000.0,9,9000.0
1882,FULLBODY1,2024-01-08,108.9,tired,129.3,37.7,93.5,70.8,150.8,60.7,6.4,2,hypertrophy,Barbell Bench Press,chest,902.5,10,9025.0
1885,FULLBODY1,2024-01-13,109.1,tired,133.0,38.4,91.7,70.8,153.1,69.1,6.4,2,hypertrophy,Barbell Bench Press,chest,1130.0,8,9040.0
1888,FULLBODY1,2024-01-21,109.3,okay,129.5,37.9,92.2,70.2,153.5,57.6,7.1,1,hypertrophy,Barbell Bench Press,chest,905.0,10,9050.0
1891,FULLBODY1,2024-01-27,109.4,good,132.2,39.1,93.6,72.6,151.8,47.3,8.1,2,hypertrophy,Barbell Bench Press,chest,755.0,12,9060.0
1894,FULLBODY1,2024-02-05,109.5,okay,131.0,38.5,94.7,70.9,153.5,65.1,7.7,1,hypertrophy,Barbell Bench Press,chest,825.0,11,9075.0
1897,FULLBODY1,2024-02-10,109.8,okay,132.1,37.9,92.4,71.1,154.9,58.7,7.3,3,deload,Barbell Bench Press,chest,1515.0,6,9090.0
1900,FULLBODY1,2024-02-19,110.0,okay,132.0,38.9,92.9,72.2,156.4,66.1,7.6,2,hypertrophy,Barbell Bench Press,chest,1517.5,6,9105.0
1903,FULLBODY1,2024-02-24,109.6,tired,132.7,38.5,93.4,72.5,154.3,63.6,6.1,4,hypertrophy,Barbell Bench Press,chest,912.5,10,9125.0
1906,FULLBODY1,2024-03-03,109.9,okay,133.1,38.1,94.0,71.3,151.8,56.1,7.5,1,hypertrophy,Barbell Bench Press,chest,1522.5,6,9135.0
1909,FULLBODY1,2024-03-11,109.8,okay,131.6,38.7,94.0,71.7,154.7,70.1,7.4,1,hypertrophy,Barbell Bench Press,chest,1142.5,8,9140.0
1912,FULLBODY1,2024-03-18,109.9,okay,132.7,39.2,94.4,72.6,152.9,65.1,7.6,2,hypertrophy,Barbell Bench Press,chest,915.0,10,9150.0
1915,FULLBODY1,2024-03-24,109.8,tired,132.1,38.9,95.0,71.7,151.9,71.3,6.1,2,hypertrophy,Barbell Bench Press,chest,1017.5,9,9157.5
1918,FULLBODY1,2024-03-31,109.8,good,132.0,38.1,95.3,72.6,155.1,64.1,8.4,1,hypertrophy,Barbell Bench Press,chest,917.5,10,9175.0
1921,FULLBODY1,2024-04-08,109.5,good,131.1,39.4,94.6,70.6,152.5,57.9,8.2,1,deload,Barbell Bench Press,chest,1020.0,9,9180.0
1924,FULLBODY1,2024-04-15,109.5,okay,129.9,38.4,92.4,71.7,152.0,53.8,7.4,3,hypertrophy,Barbell Bench Press,chest,1312.5,7,9187.5
1927,FULLBODY1,2024-04-20,109.4,okay,130.4,39.5,91.4,70.8,153.2,65.2,7.1,2,hypertrophy,Barbell Bench Press,chest,920.0,10,9200.0
1930,FULLBODY1,2024-04-27,109.6,good,130.9,37.2,93.1,71.7,155.6,62.7,8.1,1,hypertrophy,Barbell Bench Press,chest,1152.5,8,9220.0
1933,FULLBODY1,2024-05-05,110.0,tired,130.9,38.1,91.8,70.8,154.6,67.1,6.9,4,hypertrophy,Barbell Bench Press,chest,840.0,11,9240.0
1936,FULLBODY1,2024-05-13,109.8,good,132.8,38.5,94.3,71.9,152.7,53.4,8.6,1,hypertrophy,Barbell Bench Press,chest,1157.5,8,9260.0
1939,FULLBODY1,2024-05-20,110.2,good,131.7,39.0,94.0,71.9,155.1,53.9,9.3,1,hypertrophy,Barbell Bench Press,chest,927.5,10,9275.0
1942,FULLBODY1,2024-05-27,110.1,good,133.6,38.4,93.8,72.3,153.1,63.6,8.3,2,hypertrophy,Barbell Bench Press,chest,1547.5,6,9285.0
1945,FULLBODY1,2024-06-01,110.4,okay,132.6,38.2,94.9,72.0,155.5,54.6,7.2,5,deload,Barbell Bench Press,chest,1032.5,9,9292.5
1948,FULLBODY1,2024-06-09,110.5,tired,132.6,38.1,94.3,71.2,154.6,55.4,6.5,4,hypertrophy,Barbell Bench Press,chest,1162.5,8,9300.0
1951,FULLBODY1,2024-06-16,110.3,okay,132.1,38.6,92.9,72.0,155.4,64.6,7.2,3,hypertrophy,Barbell Bench Press,chest,1330.0,7,9310.0
1954,FULLBODY1,2024-06-22,110.3,okay,130.8,38.7,90.4,72.4,153.0,66.8,7.8,3,hypertrophy,Barbell Bench Press,chest,932.5,10,9325.0
1957,FULLBODY1,2024-06-29,110.2,tired,131.3,37.8,93.0,71.3,153.8,58.4,6.2,4,hypertrophy,Barbell Bench Press,chest,1555.0,6,9330.0
1960,FULLBODY1,2024-07-06,110.4,okay,131.7,38.3,94.6,71.5,155.4,70.3,7.6,2,hypertrophy,Barbell Bench Press,chest,1167.5,8,9340.0
1963,FULLBODY1,2024-07-14,110.6,tired,133.4,38.6,94.9,70.4,155.0,65.8,6.3,5,hypertrophy,Barbell Bench Press,chest,780.0,12,9360.0
1966,FULLBODY1,2024-07-20,110.6,tired,132.3,37.9,93.2,72.2,153.6,54.4,5.7,3,hypertrophy,Barbell Bench Press,chest,1337.5,7,9362.5
1969,FULLBODY1,2024-07-29,110.5,okay,133.2,37.8,95.0,72.1,153.0,62.5,7.9,4,deload,Barbell Bench Press,chest,1042.5,9,9382.5
1972,FULLBODY1,2024-08-04,110.3,tired,131.4,37.7,93.9,72.7,154.7,56.5,6.4,2,hypertrophy,Barbell Bench Press,chest,1342.5,7,9397.5
1975,FULLBODY1,2024-08-12,110.3,good,131.7,38.8,92.8,70.4,151.9,62.4,8.8,2,hypertrophy,Barbell Bench Press,chest,785.0,12,9420.0
1978,FULLBODY1,2024-08-17,110.4,tired,131.1,38.2,93.4,71.6,153.8,62.8,6.7,4,hypertrophy,Barbell Bench Press,chest,1180.0,8,9440.0
1981,FULLBODY1,2024-08-24,110.4,good,133.1,39.0,94.6,71.6,152.2,66.6,8.3,1,hypertrophy,Barbell Bench Press,chest,1050.0,9,9450.0
1984,FULLBODY1,2024-09-01,110.3,tired,131.6,38.9,94.2,73.6,153.3,55.7,6.7,2,hypertrophy,Barbell Bench Press,chest,1052.5,9,9472.5
1987,FULLBODY1,2024-09-09,110.3,tired,134.0,38.5,94.6,71.9,154.6,64.5,6.3,3,hypertrophy,Barbell Bench Press,chest,1185.0,8,9480.0
1990,FULLBODY1,2024-09-14,110.4,tired,133.0,39.4,93.6,71.9,154.0,66.3,6.1,1,hypertrophy,Barbell Bench Press,chest,1582.5,6,9495.0
1993,FULLBODY1,2024-09-23,110.4,okay,133.6,38.2,92.6,71.1,152.4,65.5,7.9,1,deload,Barbell Bench Press,chest,1187.5,8,9500.0
1996,FULLBODY1,2024-09-30,110.7,okay,132.8,38.0,95.7,70.6,154.2,59.0,7.4,3,hypertrophy,Barbell Bench Press,chest,1357.5,7,9502.5
1999,FULLBODY1,2024-10-07,110.6,okay,134.8,38.9,94.0,73.7,154.2,63.2,7.2,6,hypertrophy,Barbell Bench Press,chest,1190.0,8,9520.0
